Symbol,Name,Sector,Industry
051500,CJ프레시웨이,음·식료품 및 담배 도매업,"식자재유통, 단체급식"
037370,EG,기타 전문 도매업,"산화철, 대기수처리방지시설, 무역"
130500,GH신소재,기타 섬유제품 제조업,"자동차용 부직포, 폴리우레탄 폼"
083450,GST,특수 목적용 기계 제조업,"GasScrubber,Chiller"
024120,KB오토시스,자동차 신품 부품 제조업,브레이크패드
083470,KJ프리텍,플라스틱제품 제조업,"소형 BLU, 정밀 플라스틱 제품"
060250,NHN한국사이버결제,기타 정보 서비스업,전자결제서비스업
032540,TJ미디어,영상 및 음향기기 제조업,영상음향반주기
038340,UCI,일반 교습 학원,캐패시터
051390,YW,상품 종합 도매업,"이동통신중계시스템, 데이터네트웍장비, 광전송 장비"
094480,갤럭시아컴즈,소프트웨어 개발 및 공급업,전자결제
063080,게임빌,기타 금융업,모바일게임
038530,골드퍼시픽,생활용품 도매업,"주문형반도체, IMT-2000 Modem Chip 등"
307280,교보8호스팩,금융 지원 서비스업,기업인수합병
036190,금화피에스시,전기 및 통신 공사업,"설비,철물,전기,강구조물"
089600,나스미디어,광고업,광고매체 판매
085910,네오티스,자동차 신품 부품 제조업,"마이크로비트,샤프트"
031390,녹십자셀,기초 의약물질 및 생물학적 제제 제조업,항암세포치료제
142280,녹십자엠에스,의료용품 및 기타 의약 관련제품 제조업,"혈액백, 진단시약, 혈액투석액"
012340,뉴인텍,전자부품 제조업,콘덴서
085670,뉴프렉스,전자부품 제조업,연성인쇄회로기판
007720,대명코퍼레이션,상품 종합 도매업,기업소모성자재 구매대행업
078140,대봉엘에스,의약품 제조업,"원료의약품,화장품원료"
071460,대유위니아,가정용 기기 제조업,"김치냉장고(스탠드형, 뚜껑형), 에어컨, 프리미엄 냉장고 등"
010170,대한광통신,절연선 및 케이블 제조업,광섬유
023910,대한약품,의약품 제조업,수액제
213420,덕산네오룩스,전자부품 제조업,"HTL(정공수송층), HIL(정공주입층), RED HOST"
099410,동방선기,선박 및 보트 건조업,선박용 배관 등
066900,디에이피,전자부품 제조업,Build-Up PCB(인쇄회로기판)
092070,디엔에프,기타 화학제품 제조업,반도체배선박막재료(알루미늄전구체)
039840,디오,의료용 기기 제조업,자동포장기계
033130,디지틀조선,"자료처리, 호스팅, 포털 및 기타 인터넷 정보매개 서비스업",위성서비스
263020,디케이앤디,플라스틱제품 제조업,합성피혁 및 부직포
290550,디케이티,전자부품 제조업,스마트폰용 FPCA
038390,레드캡투어,여행사 및 기타 여행보조 서비스업,"S/W개발 및 공급, DB개발"
016100,리더스코스메틱,기타 화학제품 제조업,화장품
038290,마크로젠,"그외 기타 전문, 과학 및 기술 서비스업","DNA Sequencing, Microarray, Genetically Engineered Mouse"
127160,매직마이크로,전자부품 제조업,"LED 리드프레임, LED PKG"
257370,명성티엔에스,특수 목적용 기계 제조업,"2차전지 분리막 제조설비, 디스플레이용 생산설비"
250060,모비스,"컴퓨터 프로그래밍, 시스템 통합 및 관리업",기업인수합병
049950,미래컴퍼니,특수 목적용 기계 제조업,EdgeGrinder
213090,미래테크놀로지,소프트웨어 개발 및 공급업,OTP
206640,바디텍메드,의료용품 및 기타 의약 관련제품 제조업,기업인수합병
084990,바이로메드,자연과학 및 공학 연구개발업,"기술이전수입,연구용시료"
086820,바이오솔루션,기초 의약물질 및 생물학적 제제 제조업,"세포치료제, 인체조직모델 등"
008470,부스타,"구조용 금속제품, 탱크 및 증기발생기 제조업","관류보일러,진공온수보일러,무압온수보일러,난방기 제조,판매"
138580,비즈니스온,소프트웨어 개발 및 공급업,전자세금계산서 발행서비스(스마트빌)
054220,비츠로시스,"전동기, 발전기 및 전기 변환 · 공급 · 제어 장치 제조업","원방감시제어시스템, 분산제어시스템"
122350,삼기오토모티브,자동차 신품 부품 제조업,자동차부품
018310,삼목에스폼,"구조용 금속제품, 탱크 및 증기발생기 제조업","유로폼,갱폼,알루미늄폼,특수폼,유리온실사업"
023600,삼보판지,"펄프, 종이 및 판지 제조업","골판지,골판지상자"
009300,삼아제약,의약품 제조업,"노마에프, 아토크건조시럽, 코데날정, 코코시럽, 스마엘"
011560,세보엠이씨,건물설비 설치 공사업,"건설관련설비, ACESS FLOOR , 소음기 , CHAMMBER , PFP UNIT, BY-PASS UNIT , DUCT , 철구조물 ."
258830,세종메디칼,의료용 기기 제조업,복강경수술용 투관침 등
091990,셀트리온헬스케어,기타 전문 도매업,바이오의약품 마케팅 및 판매
066910,손오공,"인형,장난감 및 오락용품 제조업","완구,게임,캐릭터수입수수료"
033790,스카이문스테크놀로지,통신 및 방송 장비 제조업,무선통신시스템용 중계기
049830,승일,기타 금속 가공제품 제조업,"에어졸캔,에어졸발브"
217330,싸이토젠,자연과학 및 공학 연구개발업,CTC 기반 Liquid Biopsy 응용사업 및 플랫폼
208640,썸에이지,소프트웨어 개발 및 공급업,기업인수합병
136510,쎄미시스코,특수 목적용 기계 제조업,"EGIS(유리기판 검사장비), Smart-EPD 및 Smart-HMS(플라즈마 검사장비)"
036170,씨티젠,반도체 제조업,LED패키지
040910,아이씨디,특수 목적용 기계 제조업,"건식세정기,LCD,반도체 장비,광정보통신 부품,장비 제조,연구개발,용역 서비스,수출입"
031310,아이즈비전,전기 통신업,"홈쇼핑(아이즈홈쇼핑), 국제전화(아이즈텔), 가정용유무선 전화기판매(TopPhone)"
119830,아이텍반도체,"그외 기타 전문, 과학 및 기술 서비스업",비메모리 반도체 테스트
096610,알에프세미,반도체 제조업,"ECM, DIODE, LED Light"
196170,알테오젠,자연과학 및 공학 연구개발업,바이오시밀러 및 바이오베터
085810,알티캐스트,소프트웨어 개발 및 공급업,"디지털 방송용 소프트웨어(셋톱박스용 미들웨어 등), CAS(수신제한시스템)"
205500,액션스퀘어,소프트웨어 개발 및 공급업,모바일게임
131400,액트,전자부품 제조업,연성회로기판
121890,에스디시스템,전자부품 제조업,"요금징수시스템, 지능형교통시스템,하이패스단말기"
112240,에스에프씨,플라스틱제품 제조업,"태양광 모듈용 백시트, 라미네이팅 필름"
160600,에스엔텍,특수 목적용 기계 제조업,"진공합착기, NPS"
263920,에스엔피월드,그외 기타 제품 제조업,"화장용 스펀지, 퍼프"
096630,에스코넥,통신 및 방송 장비 제조업,WaferProber
039440,에스티아이,특수 목적용 기계 제조업,"Chemical 중앙공급시스템(C.C.S.S), 세정·식각시스템"
098660,에스티오,봉제의복 제조업,"셔츠,자켓/바지, 타이"
176440,에이치엔티,전자부품 제조업,휴대폰 카메라 모듈
033600,에이코넬,자동차 신품 부품 제조업,김치냉장고부품
021080,에이티넘인베스트,신탁업 및 집합투자업,벤처캐피탈
089530,에이티세미콘,반도체 제조업,반도체 테스트
089970,에이피티씨,특수 목적용 기계 제조업,300mm Poly Etch System
064510,에코마이스터,특수 목적용 기계 제조업,SAP
230360,에코마케팅,광고업,"온라인, 모바일 광고 종합대행업"
036810,에프에스티,전자부품 제조업,"펠리클(반도체부품),칠러장비,반도체유통"
205100,엑셈,소프트웨어 개발 및 공급업,"DB, E2E 성능관리 SW"
061970,엘비세미콘,반도체 제조업,"골드범핑, 솔더범핑 등"
138690,엘아이에스,특수 목적용 기계 제조업,"LGP Engraving M/C, Cell Sealing M/C"
090740,연이정보통신,전자부품 제조업,"LCD,PDP및단말기용PBA"
045060,오공,기타 화학제품 제조업,"접착제,씰란트,광택제,연마제"
048260,오스템임플란트,의료용 기기 제조업,치과용임플란트
138080,오이솔루션,통신 및 방송 장비 제조업,광트랜시버
049480,오픈베이스,"컴퓨터 프로그래밍, 시스템 통합 및 관리업","트래픽솔루션(웹스위치,트래픽서버)"
019210,와이지-원,기타 금속 가공제품 제조업,"엔드밀, 탭, 드릴"
074600,원익QnC,유리 및 유리제품 제조업,석영유리가공제품
014190,원익큐브,기타 전문 도매업,"이에이엠, 2-헤마, 비에이엠, 엠엠에이, 아스팔트슁글"
123100,원익테라세미콘,특수 목적용 기계 제조업,반도체 및 AMOLED 제조용 열처리장비
008290,원풍물산,봉제의복 제조업,남성용신사복
095270,웨이브일렉트로,통신 및 방송 장비 제조업,이동통신중계기용전력증폭기
065950,웰크론,직물직조 및 직물제품 제조업,"기능성 침구용품, 크리너, 필터, 방탄·방검복"
036090,위지트,특수 목적용 기계 제조업,LCD 반도체
191410,육일씨엔에쓰,전자부품 제조업,IT 용 Cover Glass
215790,이노인스트루먼트,통신 및 방송 장비 제조업,기업 인수 합병
080010,이상네트웍스,상품 중개업,기업간전자상거래서비스
047560,이스트소프트,소프트웨어 개발 및 공급업,"온라인게임(카발온라인),알툴즈S/W,스토리지S/W"
102710,이엔에프테크놀로지,기타 화학제품 제조업,LCD/반도체용 케미칼
096040,이트론,컴퓨터 및 주변장치 제조업,컴퓨터 및 주변장치 제조
049550,잉크테크,기타 화학제품 제조업,"잉크젯 프린터용 잉크카트리지, 재충전 잉크"
079370,제우스,특수 목적용 기계 제조업,LCD제조용장비
126880,제이엔케이히터,일반 목적용 기계 제조업,산업용가열로
080220,제주반도체,반도체 제조업,"모바일용 LP DDR SDRAM, CRAM, SRAM"
034940,조아제약,의약품 제조업,"의약품,의약부외품,보건보조식품,위생용품의제조판매"
033340,좋은사람들,봉제의복 제조업,패션내의
036930,주성엔지니어링,특수 목적용 기계 제조업,LP CVD
065060,지엔코,봉제의복 제조업,"캐쥬얼의류(SPORT-REPLAY, Thursday Island)"
109820,진매트릭스,자연과학 및 공학 연구개발업,"B형간염치료제 내성진단,C형간염바이러스 유전형진단, 자궁경부암유발바이러스 유전형진단"
004650,창해에탄올,알코올음료 제조업,"주정(발효주정, 정제주정) 등"
042040,케이피엠테크,기타 화학제품 제조업,"표면처리약품, 전자동 도금설비"
054410,케이피티유,기타 금속 가공제품 제조업,"Vacuum Treatment, Plasma Surface Treatment"
220260,켐트로스,기타 화학제품 제조업,기타 화학제품 제조업
009730,코센,1차 철강 제조업,"스테인리스파이프, 선박용배관제작"
069110,코스온,기타 화학제품 제조업,화장품
166480,코아스템,의약품 제조업,줄기세포 치료제
033290,코웰패션,의복 액세서리 제조업,"콘덴서,저항기"
121850,코이즈,플라스틱제품 제조업,"보호필름, 도광판, 백코팅"
126600,코프라,합성고무 및 플라스틱 물질 제조업,엔지니어링 플라스틱 칩
045340,토탈소프트,소프트웨어 개발 및 공급업,해운물류소프트웨어 (CATOS 등)
108230,톱텍,특수 목적용 기계 제조업,평판디스플레이 제조용 자동화설비
105550,트루윈,전자부품 제조업,"자동차용 센서(APS, TPS, IAPS, SLS)"
026150,특수건설,토목 건설업,보링
037070,파세코,가정용 기기 제조업,"석유스토브, 식기건조기,식기세척기"
150900,파수닷컴,소프트웨어 개발 및 공급업,기업용 문서보안 솔루션
032800,판타지오,창작 및 예술관련 서비스업,교육서비스
056730,포스링크,기타 전문 도매업,"석탄도매,통신공사외"
005670,푸드웰,"과실, 채소 가공 및 저장 처리업","깐밤, 통조림류, 딸기시럽류, 음료제품 등"
007330,푸른저축은행,은행 및 저축기관,대출이자
203690,프로스테믹스,기초 의약물질 및 생물학적 제제 제조업,화장품
024850,피에스엠씨,전자부품 제조업,리드프레임
270520,하나금융10호스팩,금융 지원 서비스업,-
067310,하나마이크론,반도체 제조업,"반도체패키징,USB플래쉬드라이브"
200470,하이셈,"그외 기타 전문, 과학 및 기술 서비스업",메모리 반도체 테스트
222980,한국맥널티,기타 식품 제조업,커피 및 의약품
063570,한국전자금융,기타 사업지원 서비스업,"ATM관리사업,CD-VAN사업"
041460,한국전자인증,소프트웨어 개발 및 공급업,"개인용이메일 보안,인증업무,전자상거래관련 인증서비스/기업용 인증솔루션 제공"
078350,한양디지텍,반도체 제조업,메모리 모듈
007770,한일화학,기초 화학물질 제조업,산화아연
086960,한컴MDS,소프트웨어 개발 및 공급업,"임베디드개발솔루션,임베디드소프트웨어"
279410,한화에이스스팩4호,금융 지원 서비스업,기업인수합병
076610,해성옵틱스,사진장비 및 광학기기 제조업,휴대폰용 렌즈모듈 및 카메라모듈
900270,헝셩그룹,기타 금융업,자회사 제품 : 아동용 완구 및 아동복 등
039610,화성밸브,일반 목적용 기계 제조업,"가스밸브, 매몰용접용 볼밸브, 온수분배기"
204630,화이브라더스코리아,창작 및 예술관련 서비스업,창작 및 예술관련 서비스업
200670,휴메딕스,의약품 제조업,"히알루론산 관절염치료제, 히알루론산 더말필러"
054620,APS홀딩스,기타 금융업,인터넷 트래픽 솔루션
058820,CMG제약,의약품 제조업,의약품
065770,CS,통신 및 방송 장비 제조업,"이동통신중계기, 위성방송(DMB)중계기(Gap-Filler)"
079190,EMW,통신 및 방송 장비 제조업,휴대폰안테나
036640,HRS,합성고무 및 플라스틱 물질 제조업,실리콘 컴파운드제품 제조
297570,IBKS제9호스팩,금융 지원 서비스업,
122450,KMH,텔레비전 방송업,방송채널사업 및 방송송출서비스
114450,KPX생명과학,기초 의약물질 및 생물학적 제제 제조업,의약품 중간체 등
024940,PN풍년,기타 금속 가공제품 제조업,압력솥
950110,SBI핀테크솔루션즈,소프트웨어 개발 및 공급업,전자결제대행 및 핀테크 비스
184230,SGA솔루션즈,소프트웨어 개발 및 공급업,보안솔루션
063440,SM Life Design,기록매체 복제업,"추첨식복권 제조, 일반출판 인쇄, CD ·DVD 복제"
289080,SV인베스트먼트,기타 금융업,중소/벤처기업 투자 및 육성
024840,갑을메탈,1차 비철금속 제조업,모터코어
900280,골든센츄리,기타 금융업,트랙터용 휠 및 타이어
014200,광림,자동차용 엔진 및 자동차 제조업,"전기공사용, 운송용, 환경용 특수차량 및 건설용 장비인 유압크레인을 생산·판매하는 제조업체"
026910,광진실업,1차 철강 제조업,마봉
043650,국순당,알코올음료 제조업,탁주 및 약주
006050,국영지앤엠,유리 및 유리제품 제조업,강화유리
060480,국일신동,1차 비철금속 제조업,황동봉
187790,나노,기초 화학물질 제조업,세라믹스제품
039860,나노엔텍,의료용 기기 제조업,의료기기 및 실험기기
293580,나우아이비캐피탈,기타 금융업,"투자조합, PEF 결성 및 투자"
168330,내츄럴엔도텍,자연과학 및 공학 연구개발업,"백수오 여성호르몬제, 백수오등복합추출물(원료)"
089140,넥스턴,유리 및 유리제품 제조업,CNC자동선반
126870,뉴로스,일반 목적용 기계 제조업,터보블로워
144960,뉴파워프라즈마,특수 목적용 기계 제조업,플라즈마 세정기(Remote Plasma Cleaning Generator)
900100,뉴프라이드,자동차 부품 및 내장품 판매업,인터모달 신생 및 재생타이어
020400,대동금속,금속 주조업,"농기계 주문제품 및 상용차 실린더 헤드, 경승용차 실린더 브록 외"
045390,대아티아이,기타 전기장비 제조업,"EDMS(Enterprise Document Management System)-전사적문서관리시스템,KMS-지식경영시스템"
290120,대유에이피,자동차 신품 부품 제조업,자동차 스티어링휠
078600,대주전자재료,전자부품 제조업,PDP격벽재료등
096350,대창솔루션,"구조용 금속제품, 탱크 및 증기발생기 제조업",내연기관구조재(선박엔진용MBS)
263600,덕우전자,전자부품 제조업,카메라 모듈 부품
263800,데이타솔루션,"컴퓨터 프로그래밍, 시스템 통합 및 관리업","EMC스토리지, SPSS, SI"
281740,동부스팩5호,금융 지원 서비스업,기업인수합병
088130,동아엘텍,특수 목적용 기계 제조업,LCD검사장비
110990,디아이티,특수 목적용 기계 제조업,평판디스플레이 검사장비
214680,디알텍,의료용 기기 제조업,X-ray Detector
033430,디에스티,특수 목적용 기계 제조업,몰리브덴 등
227100,디자인,"전동기, 발전기 및 전기 변환 · 공급 · 제어 장치 제조업",스마트 액세서리(보조배터리 등)
050120,라이브플렉스,생활용품 도매업,"텐트, 원 ·부자재"
217500,러셀,특수 목적용 기계 제조업,반도체장비 리퍼비시
238120,로고스바이오,사진장비 및 광학기기 제조업,"자동세포카운팅시스템, 생체조직투명화시스템, 디지털세포이미징시스템"
071280,로체시스템즈,"전동기, 발전기 및 전기 변환 · 공급 · 제어 장치 제조업",LCD 제조용 이송장비
267980,매일유업,낙농제품 및 식용빙과류 제조업,"유제품(우유, 분유, 발효유, 치즈, 음료 등)"
041920,메디아나,의료용 기기 제조업,"환자감시장치, 자동심장 제세동기(AED)"
059210,메타바이오메드,의료용품 및 기타 의약 관련제품 제조업,"생체분해성봉합사,근관충전재"
080160,모두투어,여행사 및 기타 여행보조 서비스업,"항공권판매수수료,해외여행알선"
033200,모아텍,전자부품 제조업,위치제어용초정및소형모터
118990,모트렉스,자동차 신품 부품 제조업,차량용 인포테인먼트
028040,미래SCI,기타 비금속 광물제품 제조업,규사
059090,미코,반도체 제조업,반도체 및 디스플레이 부품 제조
201490,미투온,소프트웨어 개발 및 공급업,소셜 카지노 게임
177350,베셀,특수 목적용 기계 제조업,디스플레이 제조장비
250000,보라티알,음·식료품 및 담배 도매업,"유가공품, 소스류, 파스타류"
066980,브레인콘텐츠,기타 정보 서비스업,TFT-LCD용 광기능성 필름
251630,브이원텍,특수 목적용 기계 제조업,LCD/OLED 압흔검사기
033560,블루콤,영상 및 음향기기 제조업,"마이크로스피커, 블루투스헤드셋, Linear 진동모터"
141000,비아트론,특수 목적용 기계 제조업,AMOLED 등 제조장비
082920,비츠로셀,일차전지 및 축전지 제조업,리튬1차전지
032850,비트컴퓨터,소프트웨어 개발 및 공급업,의료정보시스템
072950,빛샘전자,전자부품 제조업,"전광판용 LED 모듈, LED 전광판, 광접속함체"
014970,삼륭물산,"골판지, 종이 상자 및 종이용기 제조업",카톤팩
225190,삼양옵틱스,사진장비 및 광학기기 제조업,디지털 카메라용 교환렌즈
032280,삼일,도로 화물 운송업,운송및하역수입
002290,삼일기업공사,건물 건설업,도급공사
037460,삼지전자,통신 및 방송 장비 제조업,"통신기기,정보기기,BACKLIGHTUNIT사업"
032750,삼진,통신 및 방송 장비 제조업,리모트컨트롤러
038500,삼표시멘트,기타 비금속 광물제품 제조업,"시스템통합(SI), 네트워크장비"
046390,삼화네트웍스,"영화, 비디오물, 방송프로그램 제작 및 배급업","시스템통합(SI), 시스템유지(SM)"
091580,상신이디피,일차전지 및 축전지 제조업,2차전지부품
089980,상아프론테크,플라스틱제품 제조업,"LCD 부품, 사무기기 부품, PCB 부품, 2차전지 부품"
038070,서린바이오,기타 전문 도매업,생명과학연구기기및시약
018680,서울제약,의약품 제조업,"정제,연질캅셀제,경질캅셀제,연고 및 크림제 등"
189860,서전기전,"전동기, 발전기 및 전기 변환 · 공급 · 제어 장치 제조업",수배전반
178320,서진시스템,통신 및 방송 장비 제조업,"통신장비부품,휴대폰부품(메탈케이스 등)"
015750,성우하이텍,자동차 신품 부품 제조업,자동차범퍼
017510,세명전기,기타 금속 가공제품 제조업,"154kV, 345kV, 765kV 송전,변전,배전용 금구류, 섬유직기용 섹셔날 빔"
214310,세미콘라이트,반도체 제조업,LED Chip
058530,슈펙스비앤피,생활용품 도매업,"PCB생산 장비 제조(로더, 언로더, 레이업시스템 등)"
115570,스타플렉스,플라스틱제품 제조업,"광고용 플렉스(조명용, 비조명용)"
013810,스페코,특수 목적용 기계 제조업,아스팔트믹싱플랜트
039670,스포츠서울,"서적, 잡지 및 기타 인쇄물 출판업",신문사업(스포츠ㆍ연예 전문 일간지)
025870,신라에스지,음·식료품 및 담배 도매업,수산물도매
036710,심텍홀딩스,기타 금융업,반도체용 인쇄회로기판
066790,씨씨에스,텔레비전 방송업,케이블TV서비스 및 초고속인터넷서비스
225330,씨엠에스에듀,일반 교습 학원,융합사고력 프로그램
101240,씨큐브,기초 화학물질 제조업,진주광택안료
047920,씨트리,자연과학 및 공학 연구개발업,"씨트리시메티딘정, 로자틴정"
013990,아가방컴퍼니,생활용품 도매업,유아용 의류 및 용품
052710,아모텍,전자부품 제조업,"칩바리스터, 아몰퍼스코어"
092040,아미코젠,기타 식품 제조업,제약용 특수효소 및 효소기반 바이오신소재
038880,아이에이,전자부품 제조업,자동차용 반도체
065660,안트로젠,기초 의약물질 및 생물학적 제제 제조업,줄기세포치료제
174900,앱클론,의료용품 및 기타 의약 관련제품 제조업,항체의약품
275630,에스에스알,소프트웨어 개발 및 공급업,"취약점 진단 솔루션, 모의해킹 컨설팅"
041510,에스엠,오디오물 출판 및 원판 녹음업,"음반(CD,MC),연예 대리"
109610,에스와이패널,"구조용 금속제품, 탱크 및 증기발생기 제조업",샌드위치 패널
288620,에스퓨얼셀,"전동기, 발전기 및 전기 변환 · 공급 · 제어 장치 제조업","건물용 연료전지, 발전용 연료전지"
088800,에이스테크,통신 및 방송 장비 제조업,"단말기용안테나,기지국용안테나"
028300,에이치엘비,선박 및 보트 건조업,"각종 산업용 밸브류, 제지·제철용기계,기타 특수목적용 산업기계"
043220,에이치엘비파워,상품 종합 도매업,"발전설비 Damper, 전력설비 Busway"
109960,에이프로젠 H&G,통신 및 방송 장비 제조업,"차량용블루투스핸즈프리스피커폰, 가로동/보안등 어시스템, 모바일게임 퍼블리싱, 바이오의약품 연구개발업 및 판매, 생산설비 및 연구장비의 대여 및 판매"
073540,에프알텍,통신 및 방송 장비 제조업,이동통신용중계기
273060,엔에이치스팩12호,금융 지원 서비스업,기업인수합병
183490,엔지켐생명과학,기초 의약물질 및 생물학적 제제 제조업,"EC-18(신약), 원료의약품"
073110,엘엠에스,사진장비 및 광학기기 제조업,프리즘시트
170920,엘티씨,기초 화학물질 제조업,FPD(LCD/OLED) 및 반도체용 박리액
179290,엠아이텍,의료용 기기 제조업,비혈관 스텐트 및 체외충격파 쇄석기
032790,엠젠플러스,기계장비 및 관련 물품 도매업,"Bio 이종장기 사업, ICT 프린터 현상기"
115960,연우,플라스틱제품 제조업,화장품 용기
007530,영신금속,기타 금속 가공제품 제조업,"볼트, 나사"
265560,영화테크,자동차 신품 부품 제조업,자동차 정션박스 등
036000,예림당,"서적, 잡지 및 기타 인쇄물 출판업",무선가입자망 단말기 및 차량용핸즈프리
046120,오르비텍,기타 과학기술 서비스업,"방사선안전관리, 항공기 정밀부품 제조 등"
014940,오리엔탈정공,선박 및 보트 건조업,"조선해양구조물 및 조선해양기계품 제작,"
065500,오리엔트정공,자동차 신품 부품 제조업,"하우징, 리테이너베어링"
109080,옵티시스,통신 및 방송 장비 제조업,광링크 모듈 등
072470,우리산업홀딩스,기타 금융업,HVAC ACTUATOR (자동차 공조장치 부품 등)
073560,우리손에프앤지,"도축, 육류 가공 및 저장 처리업","양돈업, 도축업"
032940,원익,기계장비 및 관련 물품 도매업,반도체용석영
012620,원일특강,1차 철강 제조업,특수강
097800,윈팩,반도체 제조업,반도체 패키징 및 테스트
086390,유니테스트,특수 목적용 기계 제조업,"반도체메모리주검사장비생산(메모리컴포넌트테스터,메모리모듈테스트)"
206650,유바이오로직스,자연과학 및 공학 연구개발업,"경구용 콜레라 백신, 바이오의약품 수탁 연구 및 제조"
263770,유에스티,1차 철강 제조업,스테인레스강관
195990,유지인트,특수 목적용 기계 제조업,소형 머시닝센터
263050,유틸렉스,기초 의약물질 및 생물학적 제제 제조업,"면역항암 세포치료제, 면역항암 항체치료제"
073490,이노와이어리스,통신 및 방송 장비 제조업,통신용 시험 및 계측장비
091120,이엠텍,전자부품 제조업,"마이크로스피커,리시버"
216050,인크로스,광고업,미디어렙서비스
108790,인터파크,무점포 소매업,"온라인쇼핑, 도서, ENT(공연티켓 등), 투어"
115310,인포바인,전기 통신업,"휴대폰인증서보관서비스(UBIKey), 유선전화결제서비스(Vinepay)"
039290,인포뱅크,기타 정보 서비스업,"모바일메시징서비스,휴대폰단말기용S/W개발용역"
234920,자이글,가정용 기기 제조업,적외선 가열 조리기
040420,정상제이엘에스,일반 교습 학원,어학교육업
090470,제이스텍,특수 목적용 기계 제조업,기계장비(디스플레이장비)
052670,제일바이오,의약품 제조업,동물사료첨가제
023440,제일제강,1차 철강 제조업,"연강선재, 경강선재, CHQ외"
094850,참좋은여행,여행사 및 기타 여행보조 서비스업,여행업
071850,캐스텍코리아,자동차 신품 부품 제조업,자동차용 터보차저 부품
115500,케이씨에스,"컴퓨터 프로그래밍, 시스템 통합 및 관리업",컴퓨터시스템 통합 구축 및 철도 도로 교통인프라
025880,케이씨피드,동물용 사료 및 조제식품 제조업,사료
046070,코다코,자동차 신품 부품 제조업,"Oil Pump, Throttle Body"
047770,코데즈컴바인,봉제의복 제조업,패션의류
049430,코메론,"측정, 시험, 항해, 제어 및 기타 정밀기기 제조업; 광학기기 제외","줄자, 냉간압연"
041960,코미팜,의약품 제조업,동물약품
056360,코위버,통신 및 방송 장비 제조업,"가입가계 가입자계 광단국장치,SONs-51,OMS-155M,OCSU,E2 가입자 전송장비,SDS-2500 등"
200130,콜마비앤에이치,기초 의약물질 및 생물학적 제제 제조업,기업인수합병
225650,쿠첸,가정용 기기 제조업,전기밥솥
110790,크리스에프앤씨,봉제의복 제조업,골프웨어
311270,키움제5호스팩,금융 지원 서비스업,기업인수합병
219130,타이거일렉,전자부품 제조업,인쇄회로기판 제조업
191420,테고사이언스,기초 의약물질 및 생물학적 제제 제조업,피부세포치료제
131970,테스나,"그외 기타 전문, 과학 및 기술 서비스업",반도체 테스트
079970,투비소프트,소프트웨어 개발 및 공급업,"MiPlatform, X Platform"
033830,티비씨,텔레비전 방송업,"텔레비젼 방송,문화서비스,광고/출판,음반 제작,도매"
131290,티에스이,"측정, 시험, 항해, 제어 및 기타 정밀기기 제조업; 광학기기 제외","Probe Card, Test Interface Board, LED Test Equipment"
043200,파루,"전동기, 발전기 및 전기 변환 · 공급 · 제어 장치 제조업","온습도 조절기(에어쿨), 무인방제기(야호)"
038950,파인디지털,통신 및 방송 장비 제조업,"원격 RF 감시장치, 디지털 광 중계기, 노드분배기"
225590,패션플랫폼,봉제의복 제조업,여성복
068050,팬엔터테인먼트,"영화, 비디오물, 방송프로그램 제작 및 배급업","방송영상물,음반"
222110,팬젠,의약품 제조업,"바이오시밀러 의약품 개발, 바이오의약품 개발 기술이전 서비스 등"
016670,포비스티앤씨,기타 전문 도매업,"h/w,s/w개발"
009520,포스코엠텍,1차 철강 제조업,철강포장용역 및 Al탈산제 생산
003670,포스코켐텍,"시멘트, 석회, 플라스터 및 그 제품 제조업","염기성내화물, 협력작업수입"
141020,포티스,무점포 소매업,셋톱박스
093380,풍강,기타 금속 가공제품 제조업,자동차용너트류
032580,피델릭스,반도체 제조업,PSRAM 및 LPSDRAM
002230,피에스텍,"측정, 시험, 항해, 제어 및 기타 정밀기기 제조업; 광학기기 제외",자동차부품
307160,하나머스트제6호스팩,금융 지원 서비스업,기업인수합병
136480,하림,"도축, 육류 가공 및 저장 처리업","육계, 육계가공식품"
013030,하이록코리아,1차 철강 제조업,관이음쇠
080720,한국유니온제약,의약품 제조업,"항생제, 순환기계, 근골격계, 소화기계류 완제의약품"
025770,한국정보통신,전기 통신업,신용카드조회기
037230,한국팩키지,"골판지, 종이 상자 및 종이용기 제조업",카톤팩
070590,한솔인티큐브,"컴퓨터 프로그래밍, 시스템 통합 및 관리업",기업통신 및 무선인터넷
264290,한화에이스스팩3호,금융 지원 서비스업,기업인수합병
220180,핸디소프트,소프트웨어 개발 및 공급업,"EKP, BPM, 네트워크장비"
170030,현대공업,자동차 신품 부품 제조업,"시트패드, 암레스트, 헤드레스트"
053660,현진소재,기타 금속 가공제품 제조업,선박용 엔진부품
011080,형지I&C,봉제의복 제조업,남성셔츠
028080,휴맥스홀딩스,기타 금융업,위성방송수신기
084110,휴온스글로벌,기타 금융업,"비만치료제,국소마취제등"
211270,AP위성,통신 및 방송 장비 제조업,위성통신 단말기
299170,IBKS제10호스팩,금융 지원 서비스업,기업인수합병
950170,JTC,종합 소매업,"식품류, 생활용품류, 화장품류 (사후면세업)"
021320,KCC건설,건물 건설업,"토목 건축공사, 분양공사"
036670,KCI,기타 화학제품 제조업,"폴리머,레진,계면활성제"
151860,KG ETS,폐기물 처리업,"집단에너지(스팀), 산화동, 폐기물 소각"
219550,MP한강,생활용품 도매업,기업인수합병
104200,NHN벅스,소프트웨어 개발 및 공급업,"디지털음원유통, 온라인음악서비스"
046140,SBS콘텐츠허브,"영화, 비디오물, 방송프로그램 제작 및 배급업","컨텐츠, 프로젝트"
178920,SKC코오롱PI,플라스틱제품 제조업,PI필름
052260,SK바이오랜드,기타 화학제품 제조업,"천연물질 추출물, 미생물 배양제품"
048550,SM C&C,"영화, 비디오물, 방송프로그램 제작 및 배급업","영상콘텐츠 제작 및 매니지먼트, 여행"
052300,W홀딩컴퍼니,기타 운송관련 서비스업,운송
053950,경남제약,의약품 제조업,PCB 드릴가공
024910,경창산업,자동차 신품 부품 제조업,"각종 케이블, 개폐랫치, 리저브탱크, 밴드류, 페달류, 오토트랜스미션부품, 시트용 단품"
049080,기가레인,특수 목적용 기계 제조업,RF통신부품 및 반도체 장비
121600,나노신소재,기타 화학제품 제조업,"인듐계 산화물 TCO Target, 반도체 CMP Slurry 등"
042420,네오위즈홀딩스,기타 금융업,지주사업
041140,넥슨지티,소프트웨어 개발 및 공급업,게임소프트웨어개발 공급
217270,넵튠,소프트웨어 개발 및 공급업,모바일게임
039560,다산네트웍스,통신 및 방송 장비 제조업,네트워크 통신장비
068240,다원시스,"전동기, 발전기 및 전기 변환 · 공급 · 제어 장치 제조업","핵융합 전원장치, 플라즈마 전원장치, 태양광 CVD 전원장치, 산업용 특수정류기"
104040,대성파인텍,자동차 신품 부품 제조업,"자동차부품(시트,도어) 제조"
262830,대신밸런스제4호스팩,금융 지원 서비스업,기업인수 및 합병
005710,대원산업,자동차 신품 부품 제조업,자동차시트
290380,대유,"비료, 농약 및 살균, 살충제 제조업","4종복합비료, 농약"
054670,대한뉴팜,의약품 제조업,"동물약품, 인체약품, 유아용품"
206560,덱스터,"영화, 비디오물, 방송프로그램 제작 및 배급업","시각효과(Visual Effect, VFX)"
025950,동신건설,토목 건설업,토목
032960,동일기연,전자부품 제조업,EMI
073190,듀오백,가구 제조업,사무용 및 가정용 의자
109740,디에스케이,특수 목적용 기계 제조업,"FPD용 PCB Bonding System, In-line System, Linear Motion System 등"
127120,디엔에이링크,자연과학 및 공학 연구개발업,"유전체분석(EGIS), 개인유전체분석(DNAGPS)"
134580,디엠티,통신 및 방송 장비 제조업,셋톱박스
043360,디지아이,컴퓨터 및 주변장치 제조업,"잉크젯 플로터, 커팅 플로터"
068930,디지털대성,일반 교습 학원,대성N스쿨 (교육 프랜차이즈)
171010,램테크놀러지,기초 화학물질 제조업,"AMOLED 마스크 세정액, 반도체 식각액, 반도체 박리액"
090360,로보스타,특수 목적용 기계 제조업,"제조용 로봇, FPD 장비, IT부품 제조장비"
900260,로스웰,기타 금융업,"CAN Control Gateway, CAN기능모듈, BCM 차체제어모듈"
012700,리드코프,기타 전문 도매업,화공약품운반
277070,린드먼아시아,신탁업 및 집합투자업,"투자조합, PEF 결성 및 투자"
147760,마이크로프랜드,"측정, 시험, 항해, 제어 및 기타 정밀기기 제조업; 광학기기 제외",반도체 검사용 프로브카드
086900,메디톡스,기초 의약물질 및 생물학적 제제 제조업,"의약품원료(A형,B형 보툴리늄독소 단백질치료제) 제조,연구,개발"
078160,메디포스트,기초 의약물질 및 생물학적 제제 제조업,제대혈은행
140410,메지온,자연과학 및 공학 연구개발업,"발기부전증치료제, 전립선비대증치료제"
100030,모바일리더,소프트웨어 개발 및 공급업,"Sync 솔루션, 멀티미디어 솔루션"
087260,모바일어플라이언스,소프트웨어 개발 및 공급업,"블랙박스, 내비게이션, HUD, ADAS"
064550,바이오니아,의료용품 및 기타 의약 관련제품 제조업,"합성유전자,시약및유전자분석장비"
043150,바텍,의료용 기기 제조업,"치과용디지털X-ray기기(파노라마,CT)"
225530,보광산업,기타 비금속광물 광업,"콘크리트용 부순골재, 아스콘, 레미콘"
014100,보령메디앙스,기타 화학제품 제조업,"누크, 비비생활용품, 비앙또마망, 지에닉, 닥터 아토피스"
014470,부방,기타 금융업,"수정진동자, 수정발진기, 전기보온밥솥 등"
064480,브리지텍,소프트웨어 개발 및 공급업,"컨택센터솔루션,BcN솔루션,ASP서비스사업"
200780,비씨월드제약,의약품 제조업,"마취통증약, 순환계약, 항생제, 기타처방약"
238200,비피도,기타 식품 제조업,프로바이오틱스 관련 완제품 및 균주 원말 등
073640,삼원테크,기타 금속 가공제품 제조업,유압용 관이음쇠
054090,삼진엘앤디,그외 기타 제품 제조업,"몰드프레임, TFT-LCD BLU"
024950,삼천리자전거,생활용품 도매업,자전거
017480,삼현철강,1차 철강 제조업,"후판,열연후판,산세판박,무늬강판,용단철강,형강외"
006730,서부T&D,상품 종합 도매업,석유류판매
079650,서산,"시멘트, 석회, 플라스터 및 그 제품 제조업","레미콘,전주,고강도파일,흄관"
046890,서울반도체,반도체 제조업,"Display, Chip LED, Lamp"
140070,서플러스글로벌,기계장비 및 관련 물품 도매업,"반도체 제조용 장비, 유휴기계설비 도소매"
045300,성우테크론,전자부품 제조업,"리드프레임가공, 반도체 장비"
049180,셀루메드,기초 의약물질 및 생물학적 제제 제조업,"의료기기, 바이오시밀러 및 헬스케어사업"
268600,셀리버리,자연과학 및 공학 연구개발업,바이오의약품[iCP-Parkin(파킨슨병 치료제)]및 연구용 시약
108860,셀바스AI,소프트웨어 개발 및 공급업,"필기 인식, 전자 사전, 모바일 OCR 소프트웨어 등"
032680,소프트센,기계장비 및 관련 물품 도매업,전산기기 및 정보통신공사
035610,솔본,회사 본부 및 경영 컨설팅 서비스업,인터넷전화 서비스 및 00770 국제전화서비스
159910,스킨앤스킨,기타 화학제품 제조업,"화장품제조,OLED발광소재, OLED승화정제장비"
020710,시공테크,전문디자인업,"박물관, 전시관, 엑스포, 특수영상"
025320,시노펙스,전자부품 제조업,"방청지,방수지,필터"
215600,신라젠,자연과학 및 공학 연구개발업,펙사벡(바이러스 항암면역치료제)
065350,신성델타테크,가정용 기기 제조업,"세탁기, 자동차, 에어컨 및 LCD 부품"
056000,신스타임즈,소프트웨어 개발 및 공급업,모바일게임
222420,쎄노텍,기타 비금속 광물제품 제조업,세라믹 비드
099320,쎄트렉아이,"항공기,우주선 및 부품 제조업","소형인공위성,지상시스템"
049960,쎌바이오텍,기초 의약물질 및 생물학적 제제 제조업,유산균 원말 및 완제품
036010,아비코전자,전자부품 제조업,"전자저항기, 전자인덕터"
101390,아이엠,전자부품 제조업,DVD용광픽업등
078860,아이오케이,"영화, 비디오물, 방송프로그램 제작 및 배급업",LBS/Telematics솔루션및서비스
059120,아진엑스텍,반도체 제조업,"전자집적회로, 모션제어칩"
067160,아프리카TV,소프트웨어 개발 및 공급업,미디어플랫폼
041590,에너전트,전자부품 제조업,"에너지저장시스템, 액정표시장치"
030270,에스마크,방적 및 가공사 제조업,"면사,혼방사,코마사"
900080,에스앤씨엔진그룹,기타 금융업,"오토바이, 제초기, 자동차기어"
056190,에스에프에이,특수 목적용 기계 제조업,"반도체, Display 제조설비 및 공장자동화기기"
054630,에이디칩스,그외 기타 제품 제조업,비메모리 반도체칩
003800,에이스침대,가구 제조업,침대
072990,에이치시티,기타 과학기술 서비스업,기술검사서비스
083500,에프엔에스테크,특수 목적용 기계 제조업,"OLED, LCD 제조 공정 장비"
096870,엘디티,반도체 제조업,"OLED구동IC,LED구동IC,LCD구동IC"
123040,엠에스오토텍,자동차 신품 부품 제조업,자동차 차체 부품
067170,오텍,자동차 재제조 부품 제조업,"냉동 및 내장탑차, 앰블란스"
067900,와이엔텍,폐기물 처리업,"사업장폐기물중간및최종처리,전문건설,골재제조"
104830,원익머트리얼즈,기초 화학물질 제조업,"저메인가스,디실란,아산화질소,암모니아 등"
030530,원익홀딩스,기타 금융업,가스캐비닛
008370,원풍,플라스틱제품 제조업,플라스틱 필름
196700,웹스,합성고무 및 플라스틱 물질 제조업,"기능성 컴파운드, 건축외장자재"
069080,웹젠,소프트웨어 개발 및 공급업,3D 온라인게임 '뮤(MU)'
053580,웹케시,소프트웨어 개발 및 공급업,"에스이알피, 브랜치, 인하우스"
044340,위닉스,가정용 기기 제조업,일반목적용 기계제조업
900340,윙입푸드,기타 금융업,육가공 제품
036200,유니셈,특수 목적용 기계 제조업,반도체장비(DryGasScrubber)
264450,유비쿼스,통신 및 방송 장비 제조업,"스위치, FTTH"
078070,유비쿼스홀딩스,기타 금융업,"소프트웨어 개발,정보처리유선,무선통신기기,부품,컴퓨터 도소매,제조"
084370,유진테크,특수 목적용 기계 제조업,실리콘질화막증착용LP-CVD
179900,유티아이,전자부품 제조업,카메라 윈도우
039020,이건홀딩스,기타 금융업,창호
067920,이글루시큐리티,소프트웨어 개발 및 공급업,"통합보안관리솔루션, 보안관제서비스"
302430,이노메트리,특수 목적용 기계 제조업,엑스레이검사 장비
054210,이랜텍,전자부품 제조업,Battery Pack
036260,이매진아시아,"영화, 비디오물, 방송프로그램 제작 및 배급업",연예인 매니지먼트
088290,이원컴포텍,자동차 신품 부품 제조업,에어서스펜션 시트/일반고정형 시트/스프링서스펜션 시트
033230,인성정보,"컴퓨터 프로그래밍, 시스템 통합 및 관리업",넷트워크 관련 장비 및 솔루션
049070,인탑스,통신 및 방송 장비 제조업,휴대전화기용부품
078940,일경산업개발,전기 및 통신 공사업,전기공사업
022220,정산애강,플라스틱제품 제조업,"PB파이프,PB연결구"
019570,제미니투자,신탁업 및 집합투자업,금융투자
026040,제이에스티나,귀금속 및 장신용품 제조업,"주얼리,가죽제품,손목시계"
058420,제이웨이,"영화, 비디오물, 방송프로그램 제작 및 배급업","VOD서비스, 대리운전프로그램"
089790,제이티,특수 목적용 기계 제조업,반도체장비(Burn-in Sorter 등)
101730,조이맥스,소프트웨어 개발 및 공급업,"실크로드 온라인, 로스트사가"
086060,진바이오텍,동물용 사료 및 조제식품 제조업,"펩소이젠(식물성단백질),바이오스타치(가공전분),나투포멘(친환경생균제),락토케어(항생제대체형미생물제제)등"
050110,캠시스,전자부품 제조업,"IN-LINE SYSTEM,CSP HANDLER,TRIM/FORM SYSTEM"
024880,케이피에프,기타 금속 가공제품 제조업,볼트류
052400,코나아이,소프트웨어 개발 및 공급업,"전자화폐, 단말기, 수집/정산시스템"
123410,코리아에프티,자동차 신품 부품 제조업,"캐니스터,플라스틱필러넥,의장부품"
182360,큐브엔터,오디오물 출판 및 원판 녹음업,"음반음원, 콘서트, 아티스트매니지먼트"
065130,탑엔지니어링,특수 목적용 기계 제조업,LCD Cell Line 자동화 장치
051360,토비스,영상 및 음향기기 제조업,Gaming모니터
117730,티로보틱스,특수 목적용 기계 제조업,"중대형 시스템, 중대형 로봇"
064760,티씨케이,기타 비금속 광물제품 제조업,반도체 제조공정용 고순도 흑연제품
246690,티에스인베스트먼트,신탁업 및 집합투자업,투자조합 결성 및 투자
130740,티피씨글로벌,자동차 신품 부품 제조업,"정밀인발강관, 정밀강관, Water pipe, Filler Neck 등"
046210,파나진,의료용품 및 기타 의약 관련제품 제조업,의료용품및 기타 의약관련 제품 제조업
034230,파라다이스,유원지 및 기타 오락관련 서비스업,카지노
208340,파멥신,의약품 제조업,항체치료제
140860,파크시스템스,"측정, 시험, 항해, 제어 및 기타 정밀기기 제조업; 광학기기 제외",연구용 및 산업용 원자현미경
038160,팍스넷,기타 정보 서비스업,"금융솔루션, 증권정보, 광고"
119500,포메탈,기타 금속 가공제품 제조업,"자동차,풍력,방위산업,산업기계,농기계등의 단조부품"
022100,포스코 ICT,"건축기술, 엔지니어링 및 관련 기술 서비스업","SI(System Integration), DVR(Digital Video Recorder)"
053610,프로텍,특수 목적용 기계 제조업,"Dispenser, Tray Feeder, 공압실린더"
237750,피앤씨테크,"전동기, 발전기 및 전기 변환 · 공급 · 제어 장치 제조업",배전자동화단말장치
054340,피앤텔,통신 및 방송 장비 제조업,이동전화단말기 케이스
128660,피제이메탈,1차 비철금속 제조업,"탈산제, 조재제"
161580,필옵틱스,특수 목적용 기계 제조업,레이저응용장비 및 노광기
284620,하나금융11호스팩,금융 지원 서비스업,기업인수합병
039340,한국경제TV,텔레비전 방송업,"광고수입, 협찬수입"
291210,한국제7호스팩,금융 지원 서비스업,기업인수합병
023760,한국캐피탈,기타 금융업,리스수수료
222810,한류AI센터,소프트웨어 개발 및 공급업,보안솔루션 개발 외
221610,한솔씨앤피,기타 화학제품 제조업,모바일 코팅제(도료)
046110,한일네트웍스,"자료처리, 호스팅, 포털 및 기타 인터넷 정보매개 서비스업",서비스ASP
016790,현대사료,동물용 사료 및 조제식품 제조업,"양계, 양돈 배합사료"
026180,현대정보기술,"컴퓨터 프로그래밍, 시스템 통합 및 관리업",시스템통합(SI) 및 운영(SM)
086250,화신테크,특수 목적용 기계 제조업,자동차용프레스금형
145020,휴젤,기초 의약물질 및 생물학적 제제 제조업,"보툴리눔톡신, 필러"
241520,DSC인베스트먼트,신탁업 및 집합투자업,투자조합 결성 및 투자
254120,IBKS제5호스팩,금융 지원 서비스업,기업인수합병
264850,IBKS제6호스팩,금융 지원 서비스업,
276920,IBKS제7호스팩,금융 지원 서비스업,기업인수목적
036120,SCI평가정보,기타 사업지원 서비스업,"채권추심,신용평가,신용조회"
099220,SDN,기계장비 및 관련 물품 도매업,"태양광기자재 및 선박용엔진 도매, 태양광발전시스템 구축 및 설계"
307070,SK4호스팩,금융 지원 서비스업,기업인수합병
057500,SKC 솔믹스,전자부품 제조업,반도체용 파인세라믹제품
036490,SK머티리얼즈,기초 화학물질 제조업,"반도체 및 디스플레이용 특수가스(NF3, SiH4, WF6 등)"
079940,가비아,소프트웨어 개발 및 공급업,"도메인,호스팅"
039240,경남스틸,1차 철강 제조업,"냉연강판,아연도강판, 산세코일, 열연아연도금강판, 전기아연도금강판 등"
215000,골프존,소프트웨어 개발 및 공급업,골프시뮬레이터
121440,골프존뉴딘홀딩스,기타 금융업,골프시뮬레이터
267320,교보7호스팩,금융 지원 서비스업,기업인수 및 합병
204620,글로벌텍스프리,금융 지원 서비스업,환급창구운영사업
019660,글로본,상품 종합 도매업,벤처캐피탈
091970,나노캠텍,플라스틱제품 제조업,투명전도성관련제품
051490,나라엠앤디,특수 목적용 기계 제조업,"금형,사출 및 판금부품"
242040,나무기술,소프트웨어 개발 및 공급업,응용소프트웨어 개발 및 공급업
138610,나이벡,의료용품 및 기타 의약 관련제품 제조업,"치아미백제,치과용 골이식재"
007390,네이처셀,비알코올음료 및 얼음 제조업,잔치집식혜
033640,네패스,반도체 제조업,반도체및TFT-LCD용현상액
194700,노바렉스,기타 식품 제조업,건강기능식품 제조
144510,녹십자랩셀,"그외 기타 전문, 과학 및 기술 서비스업","세포치료제, 검체검사서비스, 제대혈은행"
036480,대성미생물,의약품 제조업,"동물용 의약품, 미생물제재"
303030,대신밸런스제5호스팩,금융 지원 서비스업,기업 인수 및 합병
108380,대양전기공업,선박 및 보트 건조업,"해상용 조명등기구, (함정용)전자시스템, 배전반류 등"
065690,대진디엠피,고무제품 제조업,"프린터 부품, LED 조명기기,및 헬스케어 제품 제조업체"
140520,대창스틸,1차 철강 제조업,"냉연강판, 이중바닥재"
131220,대한과학,기계장비 및 관련 물품 도매업,"의료, 정밀 및 연구실험기기 제조 및 유통"
090410,덕신하우징,"구조용 금속제품, 탱크 및 증기발생기 제조업",일체형 데크플레이트 등
067990,도이치모터스,자동차 판매업,"자동공구교환기,가공전용기"
005160,동국산업,1차 철강 제조업,"철강무역,강판제품제조"
086450,동국제약,의약품 제조업,"인사돌,복합마데카솔,파미레이"
005290,동진쎄미켐,기초 화학물질 제조업,"반도체,LCD용재료(감광제,봉지제),발포제"
090710,디에스티로봇,특수 목적용 기계 제조업,제조업용로봇및서비스로봇
131180,딜리,컴퓨터 및 주변장치 제조업,디지털 UV 프린터
171120,라이온켐텍,기타 화학제품 제조업,"합성왁스, 인조대리석"
069540,라이트론,통신 및 방송 장비 제조업,"광가입자용 광송수신모듈, CATV/이동통신용 광부품"
067730,로지시스,"컴퓨터 프로그래밍, 시스템 통합 및 관리업","전산장비 판매 및 유지보수, VAN기기 대행관리"
082800,루미마이크로,반도체 제조업,백색발광다이오드(LED)
042500,링네트,"컴퓨터 프로그래밍, 시스템 통합 및 관리업",네트워크 구축(Network Integration)
100590,머큐리,통신 및 방송 장비 제조업,"AP 단말기, 광섬유 및 광케이블, 위성통신 전송장비"
215200,메가스터디교육,일반 교습 학원,"오프라인 학원, 온라인 강의"
241770,메카로,기타 화학제품 제조업,반도체용 전구체 및 히터블록
149940,모다,통신 및 방송 장비 제조업,무선 데이터 통신 단말기
006920,모헨즈,"시멘트, 석회, 플라스터 및 그 제품 제조업",레미콘
310200,미래에셋대우스팩2호,금융 지원 서비스업,기업인수합병
207760,미스터블루,기타 정보 서비스업,"온라인 만화 콘텐츠 서비스 및 제공, 만화 출판"
053030,바이넥스,의약품 제조업,"정장제, 소화제"
032980,바이온,음·식료품 및 담배 도매업,"배너,타포린,화장품,자동차부품"
148140,비디아이,일반 목적용 기계 제조업,"탈황설비, 전기집진기, 회처리 및 회정제설비"
083650,비에이치아이,일반 목적용 기계 제조업,"보일러,열교환기등"
143240,사람인에이치알,"자료처리, 호스팅, 포털 및 기타 인터넷 정보매개 서비스업","온라인 채용광고(취업포털), 인재파견, 취업지원 등"
082660,삼우엠스,통신 및 방송 장비 제조업,휴대폰케이스
027580,상보,전자부품 제조업,"광학필름,윈도우필름,미디어필름"
263810,상신전자,전자부품 제조업,"노이즈필터(48.81%), 코일(19.33%), 리액터(10.75%)"
042600,새로닉스,전자부품 제조업,"광학시트, FFC"
093920,서원인텍,통신 및 방송 장비 제조업,휴대폰용키패드및부자재
065710,서호전기,"전동기, 발전기 및 전기 변환 · 공급 · 제어 장치 제조업",항만크레인 구동전기장치
043260,성호전자,전자부품 제조업,필름 콘덴서
024830,세원물산,자동차 신품 부품 제조업,라디에이터서포터
039310,세중,여행사 및 기타 여행보조 서비스업,나모웹에디터
068760,셀트리온제약,의약품 제조업,무선인터넷서비스및플랫폼
050960,수산아이앤티,소프트웨어 개발 및 공급업,"공유단말접속관리서비스, 보안솔루션 등"
253450,스튜디오드래곤,"영화, 비디오물, 방송프로그램 제작 및 배급업","드라마 제작, 판매"
017000,신원종합개발,건물 건설업,토건
160980,싸이맥스,특수 목적용 기계 제조업,"웨이퍼 이송장치(Cluster Tool, EFEM, LPM 등)"
264660,씨앤지하이테크,특수 목적용 기계 제조업,"약액혼합공급장치, 화학약품재생장치"
096530,씨젠,의료용품 및 기타 의약 관련제품 제조업,"호흡기성 병원체 검사제품, 성감염증원인균 검사제품"
067390,아스트,"항공기,우주선 및 부품 제조업",항공기용 부품 제조 및 동체 조립
154030,아시아종묘,작물 재배업,종자
227610,아우딘퓨쳐스,기타 화학제품 제조업,"기초화장품, 마스크팩 등"
052460,아이크래프트,"컴퓨터 프로그래밍, 시스템 통합 및 관리업","인터넷핵심망(CCR,MCR,NAS등)"
061040,알에프텍,통신 및 방송 장비 제조업,"핸드폰 충전기, 핸즈프리"
123750,알톤스포츠,그외 기타 운송장비 제조업,"운송장비,부품,자전거외"
038680,에스넷,"컴퓨터 프로그래밍, 시스템 통합 및 관리업","네트워크장비 설치 및 납품, 유지보수"
073070,에스모,자동차 신품 부품 제조업,자동차용 와이어링 하네스
065420,에스아이리소스,석탄 광업,자카드직물
041910,에스텍파마,의약품 제조업,원료의약품
043340,에쎈테크,일반 목적용 기계 제조업,LPG밸브
044780,에이치케이,특수 목적용 기계 제조업,레이저가공 절단기
214870,에치디프로,통신 및 방송 장비 제조업,CCTV 카메라
038110,에코플라스틱,자동차 신품 부품 제조업,BUMPER 및 자동차TRIM류
054940,엑사이엔씨,실내건축 및 건축마무리 공사업,고주파고압변성기(FBT : Flyback Transformer)
217820,엔에스,특수 목적용 기계 제조업,2차전지 자동화 설비
256630,엔에이치스팩10호,금융 지원 서비스업,기업인수합병
083310,엘오티베큠,특수 목적용 기계 제조업,반도체제조용진공펌프
037950,엘컴텍,전자부품 제조업,"BLU(Back Light Unit), CCM(Compact Camera Module), Display용 EL"
097520,엠씨넥스,영상 및 음향기기 제조업,휴대폰용자동차용 카메라모듈
082210,옵트론텍,사진장비 및 광학기기 제조업,"IRFilter,Grating"
153710,옵티팜,의료용품 및 기타 의약 관련제품 제조업,"옵티케어, 메디피그 등"
153490,우리이앤엘,반도체 제조업,LED 패키지
066590,우수AMS,자동차 신품 부품 제조업,"엔진, 조향 및 기아변속기 부품"
192390,윈하이텍,"구조용 금속제품, 탱크 및 증기발생기 제조업",데크 플레이트(건설용거푸집)
089850,유비벨록스,소프트웨어 개발 및 공급업,"모바일플랫폼 및 모바일솔루션, 스마트카드 등"
272290,이녹스첨단소재,전자부품 제조업,"FPCB소재, 반도체 및 디스플레이 소재"
053350,이니텍,소프트웨어 개발 및 공급업,정보보안 및 인증솔루션
065440,이루온,소프트웨어 개발 및 공급업,이동통신 핵심망 및 서비스망 솔루션 개발 공급
058450,일야,통신 및 방송 장비 제조업,"컴퓨터, 복사기 등의 부품"
045510,정원엔시스,"컴퓨터 프로그래밍, 시스템 통합 및 관리업","SI(시스템통합) 관련 소프트웨어, 중.대형 고속 레이져 프린터"
065620,제낙스,1차 철강 제조업,"2차전지,금속섬유,스테인레스 와이어"
072520,제넨바이오,전자부품 제조업,휴대폰윈도우
122310,제노레이,의료용 기기 제조업,의료용 방사선 진단기기
187420,제노포커스,기초 의약물질 및 생물학적 제제 제조업,산업용 효소
159580,제로투세븐,생활용품 도매업,유아동복 및 용품
033100,제룡전기,"전동기, 발전기 및 전기 변환 · 공급 · 제어 장치 제조업","송배전용금구류,변압기"
033320,제이씨현시스템,기계장비 및 관련 물품 도매업,"메인보드, 그래픽카드"
082270,젬백스,특수 목적용 기계 제조업,"ChemicalAirFilter,GasScrubber"
043610,지니뮤직,"자료처리, 호스팅, 포털 및 기타 인터넷 정보매개 서비스업",유무선 음악포털서비스
114570,지스마트글로벌,반도체 제조업,CMOS 이미지센서
066360,체리부로,"도축, 육류 가공 및 저장 처리업","육계, 사료"
047820,초록뱀,"영화, 비디오물, 방송프로그램 제작 및 배급업",방송프로그램 제작 및 공급
043290,케이맥,특수 목적용 기계 제조업,"FPD, 반도체 공정용 검사장비 및 바이오/의료진단기기, Lab용 분석기기"
093320,케이아이엔엑스,"자료처리, 호스팅, 포털 및 기타 인터넷 정보매개 서비스업",인터넷연동서비스 등
073010,케이에스피,일반 목적용 기계 제조업,"선박용엔진밸브,형단조품"
105330,케이엔더블유,전자부품 제조업,"Blanket, DOF, 보호필름"
036690,코맥스,통신 및 방송 장비 제조업,"홈네트워크시스템,CCTV 방송설비"
089890,코세스,특수 목적용 기계 제조업,반도체SolderBall부착장비등
241710,코스메카코리아,기타 화학제품 제조업,"화장품 OEM, ODM"
029960,코엔텍,폐기물 처리업,산업폐기물 소각/매립처리
052330,코텍,영상 및 음향기기 제조업,"Touch Screen Monitor, 산업용 CRT Monitor"
115180,큐리언트,자연과학 및 공학 연구개발업,저분자 혁신신약
016600,큐캐피탈,기타 금융업,벤처투자
900250,크리스탈신소재,기타 금융업,"합성운모 플레이크, 파우더, 테이프"
104480,티케이케미칼,화학섬유 제조업,"수지, 폴리에스터, 스판덱스"
081150,티플랙스,기타 금속 가공제품 제조업,"스텐레스봉,판(열간제품) 제조,도매"
043090,팜스웰바이오,기타 전문 도매업,"바이오리엑터(Bioreactor, 생물반응기)"
027710,팜스토리,동물용 사료 및 조제식품 제조업,사료
060900,퍼시픽바이오,석유 정제품 제조업,석유 정제품 제조업
023900,풍국주정,알코올음료 제조업,발효주정
051380,피씨디렉트,기계장비 및 관련 물품 도매업,"스토리지(HDD), 프로세서(CPU), Memory, Monitor등"
241820,피씨엘,의료용품 및 기타 의약 관련제품 제조업,"다중 체외진단 제품, 플랫폼서비스"
031980,피에스케이,특수 목적용 기계 제조업,감광액제거기
087600,픽셀플러스,전자부품 제조업,CMOS 이미지센서 및 칩셋
066130,하츠,가정용 기기 제조업,"레인지후드, 빌트인 기기 등"
271740,한국제5호스팩,금융 지원 서비스업,기업인수합병
054040,한국컴퓨터,전자부품 제조업,LCD Module용 부품
050540,한국코퍼레이션,기타 사업지원 서비스업,"CRM서비스,CRM솔루션"
005860,한일사료,동물용 사료 및 조제식품 제조업,배합사료
054920,한컴시큐어,소프트웨어 개발 및 공급업,전자상거래 보안 솔루션
097870,효성오앤비,"비료, 농약 및 살균, 살충제 제조업","혼합유박비료,유기복합비료,혼합유기질비료"
060310,3S,특수 목적용 기계 제조업,반도체 웨이퍼 캐리어
035760,CJ ENM,텔레비전 방송업,"의류, 생활주방, 가전제품, 보석, 기타"
023460,CNH,신탁업 및 집합투자업,투자자문
068790,DMS,특수 목적용 기계 제조업,LCD 제조장비
060720,KH바텍,전자부품 제조업,"휴대폰부품(SHIELD, BRACKET)"
052900,KMH하이텍,플라스틱제품 제조업,TRAY(반도체Packing재료)
065150,MP그룹,음·식료품 및 담배 도매업,외식 프랜차이즈사업 및 식자재 유통
040610,SG&G,자동차 신품 부품 제조업,생활정보신문
049470,SGA,소프트웨어 개발 및 공급업,"산업용컴퓨터 제조, 판매"
048770,TPC,일반 목적용 기계 제조업,"구동기기(실린더), 방향제어기(밸브)"
078890,가온미디어,통신 및 방송 장비 제조업,디지털셋톱박스
217730,강스템바이오텍,기초 의약물질 및 생물학적 제제 제조업,줄기세포치료제
011040,경동제약,의약품 제조업,"로사졸정, 시사프렌정, 디로핀정, 타론정.주"
098460,고영,특수 목적용 기계 제조업,전자제품및반도체생산용 3차원 납도포검사장비
090150,광진윈텍,자동차 신품 부품 제조업,시트히터
066620,국보디자인,실내건축 및 건축마무리 공사업,인테리어디자인
078130,국일제지,기타 종이 및 판지 제품 제조업,"산업용 및 가정용 지류(강판간지, 다공지 등)"
019010,그랜드백화점,종합 소매업,"백화점, 할인점"
900070,글로벌에스엠,기타 금융업,"자회사 제품 : IT기기용 정밀 화스너부품(스크류, 샤프트, 스프링)"
036800,나이스정보통신,전기 통신업,카드 VAN사업
091590,남화토건,건물 건설업,"건축공사, 토목공사"
095660,네오위즈,소프트웨어 개발 및 공급업,"피망,스페셜포스"
153460,네이블커뮤니케이션즈,소프트웨어 개발 및 공급업,"유무선융합 인프라, 클라이언트 및 All-IP 통신보안"
087730,네패스신소재,합성고무 및 플라스틱 물질 제조업,반도체용EMC(EpoxyMoldingCompound)
285490,노바텍,그외 기타 제품 제조업,"Magnet, Shield Magnet, 심재"
065560,녹원씨엔아이,기타 전문 도매업,산업용필터
060260,뉴보텍,플라스틱제품 제조업,"고강성 PVC DC, HDPE 등"
064260,다날,소프트웨어 개발 및 공급업,모바일콘텐츠 및 유무선전화결제
093640,다믈멀티미디어,반도체 제조업,멀티미디어반도체
032190,다우데이타,기계장비 및 관련 물품 도매업,"NT SERVER, PC SERVER, 바이러스 백신프로그램, 그래픽 프로그램등"
008830,대동기어,특수 목적용 기계 제조업,"기어, 베벨기어, 축, 엑셀, T/M, 유성감속기, 기타조립품"
007680,대원,건물 건설업,아파트 시행 및 시공
048910,대원미디어,기타 전문 도매업,"캐릭터 사업, 만화영화 제작"
192080,더블유게임즈,소프트웨어 개발 및 공급업,온라인·모바일 게임(더블유카지노)
100130,동국S&C,"구조용 금속제품, 탱크 및 증기발생기 제조업",Wind-Tower
041930,동아화성,고무제품 제조업,자동차용 고무부품
228340,동양파일,"시멘트, 석회, 플라스터 및 그 제품 제조업",PHC파일
263720,디앤씨미디어,"서적, 잡지 및 기타 인쇄물 출판업",웹소설 콘텐츠
106520,디지탈옵틱,사진장비 및 광학기기 제조업,휴대폰 및 차량용 카메라렌즈
187220,디티앤씨,기타 과학기술 서비스업,전기전자규격 인증서비스
227950,마이크로텍,특수 목적용 기계 제조업,기업인수 및 합병
080420,모다이노칩,"섬유, 의복, 신발 및 가죽제품 소매업","ESD필터,칩바리스터"
101330,모베이스,통신 및 방송 장비 제조업,휴대전화 케이스
029480,바른테크놀로지,통신 및 방송 장비 제조업,"네트워크 통합사업,네트워크 장비, 光 전송장비, S/W 제조, 네트워크관리"
038460,바이오스마트,전자부품 제조업,"M/S 카드제조업, IC 카드제조, 카드장비판매"
226340,본느,기타 화학제품 제조업,기업인수합병
121800,비덴트,통신 및 방송 장비 제조업,방송용 LCD모니터
086670,비엠티,일반 목적용 기계 제조업,"정밀계장용피팅및밸브류,전원분배장치(MCPD)"
053700,삼보모터스,자동차 신품 부품 제조업,증명서 자동발급기
054540,삼영엠텍,"구조용 금속제품, 탱크 및 증기발생기 제조업","구조용 특수장치, 교량부품"
000250,삼천당제약,의약품 제조업,"세프메타졸, 파클캅셀, 네틸마이신"
043710,서울리거,광고업,모바일 주변 기기류
063170,서울옥션,상품 중개업,미술품경매
011370,서한,건물 건설업,"건축, 토목"
037350,성도이엔지,"건축기술, 엔지니어링 및 관련 기술 서비스업","반도체크린룸 시공, 반도체장비제조"
036630,세종텔레콤,전기 통신업,WLL/GPS/위성DMB/VoIP 단말기
208370,셀바스헬스케어,의료용 기기 제조업,"체성분측정기, 혈압계, 점자정보단말기"
043100,솔고바이오,의료용 기기 제조업,"가정용 온열치료기,의료기구"
099440,스맥,특수 목적용 기계 제조업,공작기계 및 산업용로봇제조
033170,시그네틱스,반도체 제조업,반도체 패키징
048870,시너지이노베이션,의료용 기기 제조업,카메라 어플리케이션 프로세서(CAP)
002800,신신제약,의약품 제조업,파스류 (신신파스 아렉스 등)
307180,신영스팩4호,금융 지원 서비스업,기업인수
138070,신진에스엠,기타 금속 가공제품 제조업,표준 플레이트
056700,신화인터텍,플라스틱제품 제조업,디스플레이 BLU용 광학필름
243840,신흥에스이씨,일차전지 및 축전지 제조업,"2차전지용 안전 부품(Cap Assembly, CID)"
010280,쌍용정보통신,"컴퓨터 프로그래밍, 시스템 통합 및 관리업","시스템통합(SI),네트워크 설계 및 구축,시스템운영(SM)"
122800,썬텍,금속 주조업,열간 압연롤
123860,아나패스,반도체 제조업,Timing Controller(TCON)
143160,아이디스,통신 및 방송 장비 제조업,"영상보안장치(DVR,NVR,IP-Camera 등)"
099190,아이센스,의료용 기기 제조업,"혈당측정스트립, 혈당측정기기 등"
032080,아즈텍WB,"섬유제품 염색, 정리 및 마무리 가공업",직물
148250,알엔투테크놀로지,전자부품 제조업,"이동통신부품(커플러), 의료기기용기판, 파우더"
290740,액트로,특수 목적용 기계 제조업,모바일용 액츄에이터 및 조립자동화 설비
238090,앤디포스,플라스틱제품 제조업,"TSP용 양면 테이프, 윈도우 필름"
255440,야스,특수 목적용 기계 제조업,"OLED 증착기, OLED 증착원"
030960,양지사,인쇄 및 인쇄관련 산업,다이어리
102120,어보브반도체,반도체 제조업,"반도체,전자제품,마이크로컨트롤라"
041440,에버다임,특수 목적용 기계 제조업,"콘크리트펌프트럭, 중장비개량사업"
101490,에스앤에스텍,전자부품 제조업,블랭크마스크
031330,에스에이엠티,기계장비 및 관련 물품 도매업,"반도체(메모리,비메모리), CPU, TFT-LCD, 네트웍 장비, PC 및 주변기기, 이동통신수탁사업"
007820,에스엠코어,일반 목적용 기계 제조업,"자동화물류서비스, 자동화공정설비"
052020,에스티큐브,전자부품 제조업,"전자부품, 정보통신기기, 지능형로봇외"
058610,에스피지,"전동기, 발전기 및 전기 변환 · 공급 · 제어 장치 제조업",소형 Geared Motor
200710,에이디테크놀로지,반도체 제조업,주문형 반도체
224110,에이텍티앤,통신 및 방송 장비 제조업,교통카드단말기
038870,에코바이오,사업시설 유지·관리 서비스업,"판매시점정보시스템(POS), 금전등록기"
064090,에프앤리퍼블릭,상품 종합 도매업,CCTV CAMERA 등
067570,엔브이에이치코리아,자동차 신품 부품 제조업,"헤드라이너, NVH부품"
031860,엔에스엔,상품 종합 도매업,FLC
310840,엔에이치스팩13호,금융 지원 서비스업,기업인수합병
048830,엔피케이,합성고무 및 플라스틱 물질 제조업,합성고무 및 플라스틱물질 제조업
033160,엠케이전자,전자부품 제조업,반도체용세금선
036560,영풍정밀,일반 목적용 기계 제조업,"펌프, 벨브, 공사,주조 등"
053280,예스24,무점포 소매업,"도서,음반/DVD,화장품"
226400,오스테오닉,의료용 기기 제조업,골접합 및 재건용 금속소재 및 생분해성 복합소재 기반 임플란트
080580,오킨스전자,전자부품 제조업,반도체 검사용 소켓
052770,와이디온라인,소프트웨어 개발 및 공급업,e-Business Solution & Service
155650,와이엠씨,전자부품 제조업,"FPD 패널용 Target, Backing Plate 등"
251370,와이엠티,기초 화학물질 제조업,"PCB, 반도체 및 디스플레이 제조용 화학소재 등"
114630,우노앤컴퍼니,화학섬유 제조업,"PVC가발사, 난연고열사"
215360,우리산업,자동차 신품 부품 제조업,ACTUATOR 등
037400,우리조명,전구 및 조명장치 제조업,"변환장치 제조업 백열전구, 형광등"
114190,웰크론강원,"구조용 금속제품, 탱크 및 증기발생기 제조업",플랜트설비(산업용 보일러)
112040,위메이드,소프트웨어 개발 및 공급업,미르의전설2
011320,유니크,자동차 신품 부품 제조업,"EGR밸브, 유압솔레노이드밸브, 퓨얼벤트밸브, 퓨얼컷트밸브, 체크밸브, 케니스타 등"
049520,유아이엘,전자부품 제조업,스마트폰 기구부품
258610,이더블유케이,"구조용 금속제품, 탱크 및 증기발생기 제조업","지열발전설비(열수기화기, 응축기 등)"
033110,이디,"측정, 시험, 항해, 제어 및 기타 정밀기기 제조업; 광학기기 제외",전자계측기
086890,이수앱지스,의료용품 및 기타 의약 관련제품 제조업,"항체치료제,효소치료제"
900110,이스트아시아홀딩스,기타 금융업,"스포츠화, 스포츠의류"
052190,이에스에이,창작 및 예술관련 서비스업,게임소프트웨어(창세기전시리즈)
226360,이엑스티,토목 건설업,기업인수합병
123570,이엠넷,광고업,온라인 검색광고 대행
095190,이엠코리아,특수 목적용 기계 제조업,CNC공작기계등
016250,이테크건설,건물 건설업,"건축공사, 플랜트설비, 토목공사"
134060,이퓨쳐,"서적, 잡지 및 기타 인쇄물 출판업",Smart Phonics 등(외국어 어학교재)
001840,이화공영,건물 건설업,도급공사
060150,인선이엔티,폐기물 처리업,건축폐기물처리
158310,인터불스,특수 목적용 기계 제조업,"FPCB 공정 자동화 장비(가이드홀펀처, 비젼프레스, 커버레이가접기 등)"
035080,인터파크홀딩스,기타 금융업,지주회사
189300,인텔리안테크,통신 및 방송 장비 제조업,"해상용 위성통신 안테나, 해상용 위성방송 수신안테나"
175140,인포마크,통신 및 방송 장비 제조업,"웨어러블 디바이스, 모바일 라우터"
041020,인프라웨어,소프트웨어 개발 및 공급업,임베디드브라우저(WAP브라우저)
071200,인피니트헬스케어,소프트웨어 개발 및 공급업,의료영상저장전송시스템(PACS)
068330,일신바이오,일반 목적용 기계 제조업,초저온냉동고및동결건조기
950140,잉글우드랩,기타 화학제품 제조업,기초화장품(화장품 제조)
049630,재영솔루텍,사진장비 및 광학기기 제조업,플라스틱 사출금형
110020,전진바이오팜,기타 화학제품 제조업,"방충방향제, 유해동물피해감소제, 기생충피해감소제"
208140,정다운,"도축, 육류 가공 및 저장 처리업",기업 인수 및 합병
095700,제넥신,자연과학 및 공학 연구개발업,항체융합단백질 치료제 및 유전자치료 백신개발
051980,중앙리빙테크,플라스틱제품 제조업,PVC샤시
072020,중앙백신,기초 의약물질 및 생물학적 제제 제조업,동물용백신
051160,지어소프트,소프트웨어 개발 및 공급업,"Mobile Solution & Platform, Internet GIS, Mobile Service"
013720,청보산업,자동차 신품 부품 제조업,엔진부품
094360,칩스앤미디어,소프트웨어 개발 및 공급업,비디오 IP
016920,카스,기계장비 및 관련 물품 도매업,"전자저울,로드셀"
900310,컬러레이,회사 본부 및 경영 컨설팅 서비스업,화장품용 진주광택안료
263700,케어랩스,소프트웨어 개발 및 공급업,"헬스케어 미디어플랫폼, 헬스케어 디지털마케팅, 헬스케어 솔루션"
192250,케이사인,소프트웨어 개발 및 공급업,
217600,켐온,자연과학 및 공학 연구개발업,비임상연구시험대행
051780,큐로홀딩스,음·식료품 및 담배 도매업,"DTIS, Probe Card, H.F PCB"
044490,태웅,기타 금속 가공제품 제조업,자유형단조품
057880,토필드,영상 및 음향기기 제조업,셋톱박스(디지털위성방송수신기)
084730,팅크웨어,통신 및 방송 장비 제조업,"내비게이션,블랙박스,태블릿 및 위치정보서비스"
033540,파라텍,특수 목적용 기계 제조업,소방기기
214450,파마리서치프로덕트,생활용품 도매업,재생의약품
170790,파이오링크,통신 및 방송 장비 제조업,"ADC(서버부하 분산장치), 보안스위치, 웹방화벽"
087010,펩트론,기초 의약물질 및 생물학적 제제 제조업,약효지속성 의약품 및 펩타이드 소재
043370,평화정공,자동차 신품 부품 제조업,"자동차용 도어랫치, 도어힌지"
290720,푸드나무,무점포 소매업,
195440,퓨전데이타,소프트웨어 개발 및 공급업,가상화솔루션 등
053160,프리엠스,"전동기, 발전기 및 전기 변환 · 공급 · 제어 장치 제조업","건설기계용 전장, 네트워크 상품"
075130,플랜티넷,"컴퓨터 프로그래밍, 시스템 통합 및 관리업",유해사이트차단서비스
166090,하나머티리얼즈,반도체 제조업,"실리콘부품, 세라믹부품, 특수가스"
106190,하이텍팜,기타 전문 도매업,주사제용 무균 원료의약품(Sterile Imipenem 외)
240540,한국4호스팩,금융 지원 서비스업,기업인수합병
025550,한국선재,1차 철강 제조업,철강선재류
039740,한국정보공학,기타 전문 도매업,"그룹웨어, 자료관리시스템"
021650,한국큐빅,플라스틱제품 제조업,Curl Fit(표면처리사업)
070300,한솔시큐어,소프트웨어 개발 및 공급업,"USIM카드, 금융카드"
045100,한양이엔지,"건축기술, 엔지니어링 및 관련 기술 서비스업",반도체배관설비
066110,한프,컴퓨터 및 주변장치 제조업,OPC Drum
102210,해덕파워웨이,선박 및 보트 건조업,선박방향타
008800,행남사,"내화, 비내화 요업제품 제조업",자기
204990,현성바이탈,기타 식품 제조업,"건강식품, 수소수기 등"
092300,현우산업,전자부품 제조업,인쇄회로판(PCB)
064240,홈캐스트,영상 및 음향기기 제조업,디지털 셋톱박스
126640,화신정공,자동차 신품 부품 제조업,자동차부품
290270,휴네시온,소프트웨어 개발 및 공급업,망간자료전송(i-oneNet)
024060,흥구석유,기타 전문 도매업,휘발유등
238490,힘스,특수 목적용 기계 제조업,"OLED Mask 인장기, OLED Mask 검사기 등"
083660,CSA 코스믹,플라스틱제품 제조업,"물탱크,상하수도용도류벽,축산탱크"
245620,EDGC,자연과학 및 공학 연구개발업,유전체 분석 진단 서비스
900290,GRT,기타 금융업,"광학필름, 포장필름"
067290,JW신약,의약품 제조업,"매니큐어세트, 손톱깎이"
035900,JYP Ent.,오디오물 출판 및 원판 녹음업,오디오물 출판 및 원판 녹음 관련 제품
044180,KD건설,건물 건설업,몰드베이스(Mold Base)
036030,KTH,상품 중개업,"K쇼핑, 콘텐츠유통, ICT"
218410,RFHIC,통신 및 방송 장비 제조업,GaN 트랜지스터
255220,SG,기타 비금속 광물제품 제조업,"아스콘, 레미콘"
198440,고려시멘트,"시멘트, 석회, 플라스터 및 그 제품 제조업","시멘트, 레미콘"
049720,고려신용정보,기타 사업지원 서비스업,"채권추심, 신용조사"
307870,골든브릿지이안5호,금융 지원 서비스업,기업인수합병
035460,기산텔레콤,통신 및 방송 장비 제조업,"광모듈, 에코 켄슬러, 중계기, VoIP Server등"
130580,나이스디앤비,기타 사업지원 서비스업,기업신용조사 보고서
111710,남화산업,스포츠 서비스업,골프장 서비스
072770,네오디안테크놀로지,"컴퓨터 프로그래밍, 시스템 통합 및 관리업",무선인터넷플랫폼
065170,넥스트BT,음·식료품 및 담배 도매업,건강보조식품 등
069140,누리플랜,"구조용 금속제품, 탱크 및 증기발생기 제조업","경관조명, 경관시설"
017650,대림제지,기타 종이 및 판지 제품 제조업,골판지원지
253590,대신밸런스제3호스팩,금융 지원 서비스업,기업인수 및 합병
307750,대신밸런스제6호스팩,금융 지원 서비스업,기업 인수 및 합병
020180,대신정보통신,"컴퓨터 프로그래밍, 시스템 통합 및 관리업","금융S/W, OKnet, DS-NET, Output 솔루션"
021040,대호피앤씨,1차 철강 제조업,냉간압조용선재
067080,대화제약,의약품 제조업,"후로스판, 세파메칠 등"
035290,더블유에프엠,"서적, 잡지 및 기타 인쇄물 출판업","방과후컴퓨터상설반,교재및CD"
139050,데일리블록체인,"컴퓨터 프로그래밍, 시스템 통합 및 관리업","용역서비스(ITS,BIS,ATMS,BRT)"
075970,동국알앤에스,기타 비금속 광물제품 제조업,"내화물, 페라이트, 세라믹"
088910,동우팜투테이블,"도축, 육류 가공 및 저장 처리업","육계,삼계"
187870,디바이스이엔지,특수 목적용 기계 제조업,OLED용 FM MASK 세정장비
196490,디에이테크놀로지,특수 목적용 기계 제조업,2차전지설비
101000,디엠씨,특수 목적용 기계 제조업,"선박용 크레인,선박구성부품,선박의장품,철구조물 제조/철판 도매/부동산 임대"
079810,디이엔티,특수 목적용 기계 제조업,FPD공정검사장비
197140,디지캡,소프트웨어 개발 및 공급업,"보호솔루션, 방송서비스솔루션 등"
042510,라온시큐어,소프트웨어 개발 및 공급업,소프트웨어 개발 및 공급
141080,레고켐바이오,자연과학 및 공학 연구개발업,신약후보물질 발굴을 통한 License-Out
060300,레드로버,"영화, 비디오물, 방송프로그램 제작 및 배급업","콘텐츠제작, 4D 시네마 시스템 및 영상관 구축, 3D융합, 3D HW, 3D SW, VR"
215100,로보로보,기타 전기장비 제조업,교육용로봇
060240,룽투코리아,소프트웨어 개발 및 공급업,"CTI 콜센타, VoiceGood, WIN-CARD"
039980,리노스,"섬유, 의복, 신발 및 가죽제품 소매업","TRS통신, Kipling Bag외"
197210,리드,특수 목적용 기계 제조업,"LCD 장비(In-Line System, TCU, TRU)"
141070,맥스로텍,특수 목적용 기계 제조업,갠트리로봇 공장자동화시스템
133750,메가엠디,일반 교습 학원,"의학, 치의학, 법학 전문대학원, 약학대학 입학시험 대비 강의"
065650,메디프론,기계장비 및 관련 물품 도매업,음반재킷 제작
021880,메이슨캐피탈,기타 금융업,리스수입
001810,무림SP,"펄프, 종이 및 판지 제조업","아트지,CCP지"
095500,미래나노텍,플라스틱제품 제조업,LCDBLU용광학필름
265480,미래에셋대우스팩1호,금융 지원 서비스업,기업인수합병
214180,민앤지,기타 정보 서비스업,휴대폰부가서비스
142760,바이오리더스,자연과학 및 공학 연구개발업,"자궁경부상피이형증 치료제, 자궁경부전암 치료백신"
036620,버추얼텍,기타 전문 도매업,"고지유통, ERP시스템 운영"
066410,버킷스튜디오,"영화, 비디오물, 방송프로그램 제작 및 배급업",DVD타이틀
299910,베스파,소프트웨어 개발 및 공급업,모바일게임
100120,뷰웍스,의료용 기기 제조업,X-Ray Detector
090460,비에이치,전자부품 제조업,연성인쇄회로기판(FPCB)
042370,비츠로테크,기타 금융업,"차단기, 개폐기"
065450,빅텍,"측정, 시험, 항해, 제어 및 기타 정밀기기 제조업; 광학기기 제외",전자전시스템 장치류
100090,삼강엠앤티,1차 철강 제조업,"후육강관제조업,조선블록제조업"
009620,삼보산업,1차 비철금속 제조업,알미늄괴
111870,삼본정밀전자,영상 및 음향기기 제조업,"이어폰,헤드폰,키패드"
309930,삼성머스트스팩3호,금융 지원 서비스업,기업인수합병
019770,서연탑메탈,특수 목적용 기계 제조업,자동차금형.건설중장비 부품
123420,선데이토즈,소프트웨어 개발 및 공급업,모바일게임
171090,선익시스템,특수 목적용 기계 제조업,OLED 증착장비
067770,세진티에스,전자부품 제조업,TFT-LCD용 광기능성 시트
053450,세코닉스,사진장비 및 광학기기 제조업,"CCD렌즈, 광PICK-UP렌즈"
154040,솔루에타,전자부품 제조업,전자파 차폐소재
036830,솔브레인,기타 화학제품 제조업,"반도체,디스플레이,2차전지 공정용 화학제품"
230980,솔트웍스,소프트웨어 개발 및 공급업,기업인수 및 합병
084180,수성,일반 목적용 기계 제조업,전동지게차
277480,신한제4호스팩,금융 지원 서비스업,기업 인수 합병
108320,실리콘웍스,반도체 제조업,"LDI, T-Con, PMIC, EPD-IC 등"
037760,쎄니트,1차 철강 제조업,스테인레스 냉연강판
260930,씨티케이코스메틱스,기타 화학제품 제조업,완제 화장품 (색조 및 기초)
025980,아난티,스포츠 서비스업,양가죽원단
127710,아시아경제,"자료처리, 호스팅, 포털 및 기타 인터넷 정보매개 서비스업",광고 및 콘텐츠
054800,아이디스홀딩스,기타 전문 서비스업,비금융지주회사
060570,아이리버,영상 및 음향기기 제조업,휴대용 MP3 Player
214430,아이쓰리시스템,전자부품 제조업,"적외선 영상센서, 엑스레이 영상센서"
114810,아이원스,특수 목적용 기계 제조업,"반도체 장비 부품 제조 및 세정, LCD 장비 부품 제조"
185490,아이진,자연과학 및 공학 연구개발업,"당뇨성망막병증 치료제, 욕창치료제, 자궁경부암 예방 백신 등"
059100,아이컴포넌트,전자부품 제조업,액정평판디스플레이용 플라스틱 박판필름 제조업
027360,아주IB투자,기타 금융업,
001540,안국약품,의약품 제조업,"그랑파제, 토비콤-S"
260660,알리코제약,의료용품 및 기타 의약 관련제품 제조업,완제 의약품
097780,에스맥,통신 및 방송 장비 제조업,휴대폰용키모듈
103230,에스앤더블류,일반 목적용 기계 제조업,"디젤엔진부품, 산업부품, 단조품"
060540,에스에이티,"측정, 시험, 항해, 제어 및 기타 정밀기기 제조업; 광학기기 제외","이동통신중계기용부품(제어기,광모듈,RF필터)"
080000,에스엔유,특수 목적용 기계 제조업,"OLED증착장비, OLED봉지장비, LCD검사장비 등"
237690,에스티팜,의약품 제조업,원료의약품
050320,에이앤티앤,기계장비 및 관련 물품 도매업,"중대형 서버, 시스템 S/W"
067630,에이치엘비생명과학,"건축기술, 엔지니어링 및 관련 기술 서비스업","ESCO 사업, 신재생에너지 사업"
239610,에이치엘사이언스,기타 식품 제조업,건강기능식품 등
071670,에이테크솔루션,특수 목적용 기계 제조업,"대형정밀금형(가전,자동차용 등)"
182400,에이티젠,기초 의약물질 및 생물학적 제제 제조업,"연구용 시약, NK Vue KIT"
128540,에코캡,자동차 신품 부품 제조업,"자동차 부품(전선, 케이블, 벌브소켓, LED 등)"
173940,에프엔씨엔터,오디오물 출판 및 원판 녹음업,"콘서트, 음반/음원"
065160,에프티이앤이,화학섬유 제조업,빙축열냉방시스템
290650,엘앤씨바이오,의약품 제조업,"인체조직(피부, 뼈, 연골)"
009780,엠에스씨,기타 식품 제조업,식품첨가물
204020,엠코르셋,봉제의복 제조업,"내의(원더브라, 플레이텍스, 미싱도로시, 르페)"
259630,엠플러스,특수 목적용 기계 제조업,이차전지 자동화 조립설비
036180,영인프런티어,기계장비 및 관련 물품 도매업,"무선통신,방송및응용장치제조업"
080520,오디텍,반도체 제조업,"광반도체,소자및모듈"
039830,오로라,전문디자인업,"캐릭터디자인,캐릭터완구 등"
057030,와이비엠넷,교육지원 서비스업,"온라인교육, 수수료수입 등"
101170,우림기계,일반 목적용 기계 제조업,"트랜스미션,감속기,기어전동축 제조"
065680,우주일렉트로,전자부품 제조업,정보통신용 초정밀커넥터
018620,우진비앤지,의약품 제조업,"슈퍼티아,안티펜SM"
299900,위지윅스튜디오,"영화, 비디오물, 방송프로그램 제작 및 배급업","VFX, 뉴미디어 등 특수영상 컨텐츠 제작"
136540,윈스,"컴퓨터 프로그래밍, 시스템 통합 및 관리업","네크워크보안장비(IPS, 안티 DDoS)"
018000,유니슨,일반 목적용 기계 제조업,"풍력발전기, 풍력타워"
241690,유니테크노,자동차 신품 부품 제조업,자동차 엔진파워트레인/모터 부품 제조 및 조립
048430,유라테크,"전동기, 발전기 및 전기 변환 · 공급 · 제어 장치 제조업","점화코일, 스파크플러그"
056090,유앤아이,의료용 기기 제조업,정형외과용 신체보정용 의료기기
060230,이그잭스,전자부품 제조업,화학제품 및 전자재료
024810,이화전기,"전동기, 발전기 및 전기 변환 · 공급 · 제어 장치 제조업",무정전전원장치
041830,인바디,의료용 기기 제조업,정밀 체성분 분석기
119610,인터로조,사진장비 및 광학기기 제조업,"콘텍트렌즈(소프트렌즈, 원데이렌즈, 하드렌즈 등)"
017250,인터엠,영상 및 음향기기 제조업,음향기기
051370,인터플렉스,전자부품 제조업,연성회로기판(Flexible PCB)
019540,일지테크,자동차 신품 부품 제조업,"차체(라지에타, 팩케이지, 씨트 크로스, 대쉬 판넬)"
123330,제닉,기타 화학제품 제조업,"하이드로겔 마스크 팩, 기타화장품"
033050,제이엠아이,기록매체 복제업,CD복제품
044060,조광ILI,일반 목적용 기계 제조업,"안전밸브,스팀트랩"
263860,지니언스,소프트웨어 개발 및 공급업,네트워크 접근 제어 솔루션(NAC)
204840,지엘팜텍,자연과학 및 공학 연구개발업,의약품 연구개발업
018290,지엠피,컴퓨터 및 주변장치 제조업,라미네이팅필름
106080,지투하이소닉,전자부품 제조업,휴대폰 카메라용 Auto Focus Actuator
219750,지티지웰니스,의료용 기기 제조업,의료기기 및 미용기기
018120,진로발효,알코올음료 제조업,주정
078340,컴투스,소프트웨어 개발 및 공급업,모바일게임
221980,케이디켐,기타 화학제품 제조업,PVC 안정제
250930,케이비제10호스팩,금융 지원 서비스업,기업인수합병
089150,케이씨티,"컴퓨터 프로그래밍, 시스템 통합 및 관리업","금융단말시스템,복표발매기,마권발매기"
039420,케이엘넷,전기 통신업,EC/EDI
032500,케이엠더블유,통신 및 방송 장비 제조업,RF 부품 및 중계기
256940,케이피에스,특수 목적용 기계 제조업,OLED 마스크 인장기
224060,코디엠,특수 목적용 기계 제조업,"반도체 및 평판디스플레이 제조용 장비(IRIS, LOZIX, HP/CP)"
101670,코리아에스이,"구조용 금속제품, 탱크 및 증기발생기 제조업","영구앵커,교량용케이블,타이케이블"
060280,큐렉소,기타 상품 전문 소매업,"만화단행본, 정기간행물"
040350,큐로컴,"컴퓨터 프로그래밍, 시스템 통합 및 관리업","시스템통합, 지능형교통시스템"
043590,크로바하이텍,반도체 제조업,"트랜스포머, 코일"
114120,크루셜텍,전자부품 제조업,"옵티컬트랙패드, LED플래시모듈, PL Lens"
083790,크리스탈,자연과학 및 공학 연구개발업,신개념항생제(전임상)
237880,클리오,기타 화학제품 제조업,"색조화장품, 기초화장품"
053620,태양,기타 금속 가공제품 제조업,"휴대용 부탄가스, 외주수탁품"
066700,테라젠이텍스,의약품 제조업,"Loading/Unloading System, PCB Bonding System"
196450,텔루스,사진장비 및 광학기기 제조업,휴대폰용 카메라 렌즈모듈 제조
246710,티앤알바이오팹,기초 의약물질 및 생물학적 제제 제조업,"생분해성 의료기기, 3D 바이오프린팅 시스템, 바이오잉크, 3D 오가노이드, 3D 세포치료제"
062860,티엘아이,반도체 제조업,LCDTV및모니터용TimingController
054300,팬스타엔터프라이즈,일반 목적용 기계 제조업,자동차 정비용 리프트
263750,펄어비스,소프트웨어 개발 및 공급업,온라인 게임 개발 서비스(검은사막)
189690,포시에스,소프트웨어 개발 및 공급업,기업용 리포팅 소프트웨어 솔루션(OZ-Report 등)
023770,플레이위드,소프트웨어 개발 및 공급업,게임소프트웨어
131390,피앤이솔루션,"전동기, 발전기 및 전기 변환 · 공급 · 제어 장치 제조업","2차전지 공정용 장비, 산업용 정류기"
073570,피엠지파마,특수 목적용 기계 제조업,Wafer Burn In Test 장비
064800,필링크,"섬유, 의복, 신발 및 가죽제품 소매업",Wap Gateway
261200,하나금융9호스팩,금융 지원 서비스업,기업 인수합병
053300,한국정보인증,소프트웨어 개발 및 공급업,"공인인증서, PKI솔루션 등"
310870,한국제8호스팩,금융 지원 서비스업,기업인수 및 합병
030520,한글과컴퓨터,소프트웨어 개발 및 공급업,오피스소프트웨어
226440,한송네오텍,특수 목적용 기계 제조업,OLED FMM 인장기
042520,한스바이오메드,의료용품 및 기타 의약 관련제품 제조업,"인체이식용조직(인조피부,인조뼈),의료용시술재료(가슴보형물)"
024740,한일단조,자동차 신품 부품 제조업,단조품
123840,한일진공,특수 목적용 기계 제조업,진공장비
079170,한창산업,1차 비철금속 제조업,"아연말,리튬브로마이드,산화망간,인산아연"
220630,해마로푸드서비스,음·식료품 및 담배 도매업,"햄버거, 치킨, 식음료유통"
060560,홈센타홀딩스,기타 금융업,"건축자재,레미콘"
134780,화진,자동차 신품 부품 제조업,"우드그레인, IPE"
065510,휴비츠,의료용 기기 제조업,"자동검안기, 자동렌즈미터"
010240,흥국,특수 목적용 기계 제조업,굴삭기 Roller 및 형단조품
306620,DB금융스팩6호,금융 지원 서비스업,기업인수합병
032860,GMR 머티리얼즈,"해체, 선별 및 원료 재생업",철스크랩
028150,GS홈쇼핑,텔레비전 방송업,CATV홈쇼핑
045890,GV,전구 및 조명장치 제조업,"CNC전용장비,LightPanel"
078150,HB테크놀러지,특수 목적용 기계 제조업,TFT-LCD검사장비
095340,ISC,전자부품 제조업,반도체테스트소켓
099520,ITX엠투엠,영상 및 음향기기 제조업,"DVR,유선통신기기 제조,무역/소프트웨어 자문,연구개발,기술용역"
058400,KNN,텔레비전 방송업,방송프로그램 제작 및 송출
060370,KT서브마린,전기 및 통신 공사업,해저케이블등의 건설 및 유지보수 업무
160550,NEW,"영화, 비디오물, 방송프로그램 제작 및 배급업",영화 투자 및 배급
053290,NE능률,"서적, 잡지 및 기타 인쇄물 출판업",영어학습교재
030190,NICE평가정보,기타 정보 서비스업,"개인 및 기업정보,솔루션"
019550,SBI인베스트먼트,신탁업 및 집합투자업,벤처캐피탈
232330,SK3호스팩,금융 지원 서비스업,기업인수합병
161570,THE MIDONG,영상 및 음향기기 제조업,"차량용 블랙박스, 차량운행보조시스템"
052220,iMBC,"자료처리, 호스팅, 포털 및 기타 인터넷 정보매개 서비스업","디지털콘텐츠,웹에이젼시"
014570,고려제약,의약품 제조업,"하벤(종합감기약),뉴로메드(치매치료제)등 70여종"
053270,구영테크,자동차 신품 부품 제조업,엔진 브라켓(Engine Bracket) 등
053260,금강철강,1차 철강 제조업,"냉연압연강판, 산세코일"
151910,나노스,전자부품 제조업,"Blue Filter, IR Filter, Camera Module"
190510,나무가,전자부품 제조업,"스마트폰 카메라모듈, 노트북 카메라모듈"
092730,네오팜,기타 화학제품 제조업,생체기능성(아토피)보습제
225570,넷게임즈,소프트웨어 개발 및 공급업,기업인수합병
270870,뉴트리,기타 식품 제조업,"에버콜라겐, 판도라 다이어트 등"
222040,뉴트리바이오텍,기타 식품 제조업,건강기능식품
119860,다나와,소프트웨어 개발 및 공급업,"인터넷쇼핑몰 가격비교서비스, 온라인광고"
004780,대륙제관,기타 금속 가공제품 제조업,휴대용부탄가스 및 금속포장용기
025440,대성엘텍,영상 및 음향기기 제조업,카멀티미디어 및 TFT-LCD 부품제조..
027830,대성창투,신탁업 및 집합투자업,투자서비스
006580,대양제지,"펄프, 종이 및 판지 제조업",골판지원지
120240,대정화금,기초 화학물질 제조업,"시약, 원료의약품"
003310,대주산업,동물용 사료 및 조제식품 제조업,배합사료
017680,데코앤이,봉제의복 제조업,숙녀복
033500,동성화인텍,기초 화학물질 제조업,초저온 보냉재
060380,동양에스텍,1차 철강 제조업,"열연박판, 열연후판, 무늬강판"
079960,동양이엔피,"전동기, 발전기 및 전기 변환 · 공급 · 제어 장치 제조업","휴대폰용,OA기기및통신장비용,디지털가전용전원공급장치"
023790,동일철강,1차 철강 제조업,찬넬
078590,두올산업,자동차 신품 부품 제조업,자동차내장카페트
030350,드래곤플라이,소프트웨어 개발 및 공급업,온라인게임
203650,드림시큐리티,소프트웨어 개발 및 공급업,솔루션
066670,디스플레이텍,전자부품 제조업,LCD Module
263690,디알젬,의료용 기기 제조업,"진단용 엑스선 촬영장치 및 부분품, X-ray 제너레이터 외"
131030,디에이치피코리아,의약품 제조업,티어린프리점안액
033310,디케이디앤아이,기타 금속 가공제품 제조업,산업용자동제어반기기
084650,랩지노믹스,자연과학 및 공학 연구개발업,체외진단 서비스 및 제품
108490,로보티즈,특수 목적용 기계 제조업,"솔루션(로봇 엑츄에이터 모듈과 구동 소프트웨어), 에듀테인먼트 로봇, 로봇 플랫폼"
005990,매일홀딩스,기타 금융업,유제품
067280,멀티캠퍼스,기타 교육기관,e-Learning서비스
218150,미래생명자원,동물용 사료 및 조제식품 제조업,동물용 사료 및 조제식품 제조업
035620,바른손이앤에이,소프트웨어 개발 및 공급업,게임 개발 및 서비스
208710,바이오로그디바이스,전자부품 제조업,모바일용 카메라모듈 부품외
086040,바이오톡스텍,자연과학 및 공학 연구개발업,"안전성평가,유효성평가"
093190,빅솔론,컴퓨터 및 주변장치 제조업,"POS용프린터,프린팅메카니즘"
291230,삼성스팩2호,금융 지원 서비스업,기업인수합병
065570,삼영이엔씨,통신 및 방송 장비 제조업,"GMDSS장비, GPS플로터 등"
263540,샘코,"항공기,우주선 및 부품 제조업",도어시스템
100660,서암기계공업,일반 목적용 기계 제조업,"공작기계부품(정밀기어,척),산업기계 제조부동산 임대"
012860,서연전자,자동차 신품 부품 제조업,"스마트키,스위치"
003100,선광,기타 운송관련 서비스업,"항만하역, 해사(바다모래)"
081580,성우전자,통신 및 방송 장비 제조업,휴대폰금속프레스부품(전자파차단ShieldCan)
234100,세원,자동차 신품 부품 제조업,자동차 공조장치 부품
252500,세화피앤씨,기타 화학제품 제조업,염모제 등
086980,쇼박스,"영화, 비디오물, 방송프로그램 제작 및 배급업",영화투자및배급
236200,슈프리마,통신 및 방송 장비 제조업,바이오인식 관련 제품
094840,슈프리마에이치큐,기타 금융업,지문인식솔루션및시스템
192440,슈피겐코리아,그외 기타 제품 제조업,"핸드폰 케이스, 액정보호필름"
131090,시큐브,소프트웨어 개발 및 공급업,"시스템보안관리솔루션, 정보유출방지솔루션"
001000,신라섬유,부동산 임대 및 공급업,부동산
257730,신한제3호스팩,금융 지원 서비스업,기업인수합병
187270,신화콘텍,"전동기, 발전기 및 전기 변환 · 공급 · 제어 장치 제조업","커넥터(정보통신기기용, 디스플레이용, HDD용 등)"
222800,심텍,전자부품 제조업,반도체용 인쇄회로기판
115480,씨유메디칼,의료용 기기 제조업,심장제세동기
060590,씨티씨바이오,생활용품 도매업,"동물용항병원성제품, 생균효소제"
074430,아미노로직스,기타 전문 도매업,DVR용 영상처리 칩
083930,아바코,특수 목적용 기계 제조업,평판디스플레이제조용장비
149950,아바텍,전자부품 제조업,"Glass Slimming & ITO코팅 제품, PDP필터"
246720,아스타,의료용품 및 기타 의약 관련제품 제조업,MALDI-TOF 질량분석기 기반 진단시스템
069920,아이에스이커머스,무점포 소매업,"해외, 국내 상품 소싱 및 판매대행 서비스"
175250,아이큐어,의약품 제조업,"플라스타, 의약 및 의약외품 패취등, 마스크팩, 화장품 기초라인"
023890,아트라스BX,일차전지 및 축전지 제조업,축전지
196300,애니젠,기초 의약물질 및 생물학적 제제 제조업,펩타이드 바이오소재 및 아미노산 펩타이드 신약
052790,액토즈소프트,소프트웨어 개발 및 공급업,온라인 게임 및 모바일 게임
092600,앤씨앤,반도체 제조업,영상처리용 시스템반도체
217480,에스디생명공학,기타 화학제품 제조업,"마스크팩, 기초화장품"
234300,에스트래픽,"컴퓨터 프로그래밍, 시스템 통합 및 관리업","교통관련 솔루션 개발, 시스템통합 S/W 개발"
138360,에이씨티,기타 화학제품 제조업,기능성 화장품 원료
039230,에이아이비트,"측정, 시험, 항해, 제어 및 기타 정밀기기 제조업; 광학기기 제외","반도체 검사장비, TFT-LCD 검사장치& 검사장비"
045660,에이텍,컴퓨터 및 주변장치 제조업,"PC,모니터"
086520,에코프로,기타 화학제품 제조업,"환경소재,화학필터,이차전지소재등"
950130,엑세스바이오,의료용품 및 기타 의약 관련제품 제조업,"말라리아 진단키트(RDT), HIV 진단키트(RDT)"
092870,엑시콘,특수 목적용 기계 제조업,반도체 검사장비
256840,엔에이치스팩11호,금융 지원 서비스업,기업인수합병
208860,엔지스테크널러지,소프트웨어 개발 및 공급업,"Nav-Link 솔루션, BringGo 어플리케이션 등"
069410,엔텔스,소프트웨어 개발 및 공급업,운용지원솔루션
058630,엠게임,소프트웨어 개발 및 공급업,"온라인 게임 개발 및 퍼블리싱(열혈강호온라인,홀릭2,영웅)"
143540,영우디에스피,특수 목적용 기계 제조업,OLED/LCD 디스플레이 검사장비
900300,오가닉티코스메틱,기타 금융업,"유아용 화장품(클렌징, 여름용, 피부케어, 기능성 화장품)"
010470,오리콤,광고업,광고대행
052420,오성첨단소재,플라스틱제품 제조업,"LCD Aging System, LCD 신뢰성 분석장비"
039200,오스코텍,의약품 제조업,"뼈이식재,건강식품소재"
031510,오스템,자동차 신품 부품 제조업,휠
232140,와이아이케이,특수 목적용 기계 제조업,메모리 웨이퍼 테스터
066430,와이오엠,기타 전문 도매업,"VCI,LDPE필름 외"
122870,와이지엔터테인먼트,오디오물 출판 및 원판 녹음업,"음악 및 기타 오디오물 출판, 신인 아티스트 육성 및 매니지먼트"
032820,우리기술,"전동기, 발전기 및 전기 변환 · 공급 · 제어 장치 제조업","시스템사업, 정보통신사업"
041190,우리기술투자,기타 금융업,창업자에 대한 투자 및 융자
115440,우리넷,통신 및 방송 장비 제조업,"광전송장비(MSPP), 교환장비(AGW)"
046970,우리로,통신 및 방송 장비 제조업,"광분배기(웨이퍼, 칩, 모듈), 광다이오드"
082850,우리이티아이,전구 및 조명장치 제조업,"LCD광원부품(CCFL,EEFL)"
215380,우정바이오,자연과학 및 공학 연구개발업,기업인수합병
101160,월덱스,전자부품 제조업,반도체용링및전극
076080,웰크론한텍,건물 건설업,"에너지절감설비,자동화배합설비,환경설비"
203450,유니온커뮤니티,통신 및 방송 장비 제조업,지문인식출입통제기
024800,유성티엔에스,육상 여객 운송업,"운송,C형강,차량정비"
054930,유신,"건축기술, 엔지니어링 및 관련 기술 서비스업",토목설계 및 감리
023410,유진기업,"시멘트, 석회, 플라스터 및 그 제품 제조업",레미콘
056080,유진로봇,특수 목적용 기계 제조업,"청소로봇, 완구류외"
178780,유테크,전자부품 제조업,"도광판, 몰드프레임"
041520,이라이콤,상품 중개업,TFT-LCD용 Back Light Unit
063760,이엘피,"측정, 시험, 항해, 제어 및 기타 정밀기기 제조업; 광학기기 제외",OLED 패널검사기 등
035810,이지바이오,동물용 사료 및 조제식품 제조업,발효식품
090850,이지웰페어,소프트웨어 개발 및 공급업,선택적복리후생서비스
092130,이크레더블,기타 정보 서비스업,"전자신용인증서비스(정보),소프트웨어 개발"
079950,인베니아,특수 목적용 기계 제조업,"Dry Etcher, 진공합착기, LCD Panel 검사장비, OLED용 진공합착기, MOCVD"
277410,인산가,기타 식품 제조업,기업인수합병
037330,인지디스플레,전자부품 제조업,"TFT-LCDCHASSIS,TFT-LCDLAMPREFLECTOR,ICLEADFRAME,TRLEADFRAME"
083640,인콘,통신 및 방송 장비 제조업,영상보안장비 및 영상보안솔루션
150840,인트로메딕,의료용 기기 제조업,"캡슐내시경, 일회용 연성내시경"
048530,인트론바이오,기초 의약물질 및 생물학적 제제 제조업,"바이오신약, 핵산검사제, 동물용 항생제 대체재"
094820,일진파워,전기 및 통신 공사업,"열교환기,압력용기"
174880,장원테크,통신 및 방송 장비 제조업,스마트폰 및 태블릿PC Bracket
217190,제너셈,특수 목적용 기계 제조업,반도체 후공정 장비
096690,제이스테판,컴퓨터 및 주변장치 제조업,"POS프린터, Mobile프린터, Label프린터"
137950,제이씨케미칼,기타 화학제품 제조업,"바이오디젤, 글리세린 등"
094970,제이엠티,전자부품 제조업,LCD패널용PBA
067000,조이시티,소프트웨어 개발 및 공급업,온라인게임(프리스타일농구)
000440,중앙에너비스,기타 전문 도매업,석유류도소매
208350,지란지교시큐리티,소프트웨어 개발 및 공급업,기업인수합병
053050,지에스이,연료용 가스 제조 및 배관공급업,eBusiness 통합
036890,진성티이씨,특수 목적용 기계 제조업,트랙롤라. 플로팅 씰
096240,청담러닝,일반 교습 학원,청담어학원
042000,카페24,"자료처리, 호스팅, 포털 및 기타 인터넷 정보매개 서비스업","쇼핑몰솔루션, 광고솔루션, 호스팅솔루션"
214370,케어젠,기초 의약물질 및 생물학적 제제 제조업,"성장인자, 바이오미메틱펩타이드 기반 안면, 두피, 바디 코스메슈티컬 제품"
083550,케이엠,기타 섬유제품 제조업,클린룸용Wiper
064820,케이프,선박 및 보트 건조업,선박엔진용실린더라이너
089010,켐트로닉스,기타 화학제품 제조업,"Touch IC 및 PBA, TG, EMC"
094860,코닉글로리,소프트웨어 개발 및 공급업,네트워크장비공급및인터넷트래픽솔루션
080530,코디,기타 화학제품 제조업,"LCD 검사부품(프로브유니트), LED 검사부품(프로브카드)"
078650,코렌,사진장비 및 광학기기 제조업,카메라폰용 렌즈
102940,코오롱생명과학,기초 의약물질 및 생물학적 제제 제조업,"항균제, 수처리제, 원료의약 등"
950160,코오롱티슈진,기초 의약물질 및 생물학적 제제 제조업,골관절염 치료제
023160,태광,1차 철강 제조업,"각종 배관자재, 관이음쇠류 제조 및 판매,발전기부품 및 판매업,반도체장비 제조업 및 무역도매"
037030,파워넷,"전동기, 발전기 및 전기 변환 · 공급 · 제어 장치 제조업",전력변환장치
049120,파인디앤씨,전자부품 제조업,Lamp Reflector
131760,파인텍,전자부품 제조업,휴대기기용 BLU(Back Light Unit)
091700,파트론,전자부품 제조업,이동통신안테나및유전체필터류등
194510,파티게임즈,소프트웨어 개발 및 공급업,모바일 게임
214270,퓨쳐스트림네트웍스,소프트웨어 개발 및 공급업,기업인수합병
003380,하림지주,기타 금융업,지주사업
221840,하이즈항공,"항공기,우주선 및 부품 제조업",B787 날개구조물 등
004590,한국가구,생활용품 도매업,소파
017890,한국알콜,기타 화학제품 제조업,주정
101680,한국정밀기계,특수 목적용 기계 제조업,"금속절삭가공기계(수치제어식 수평보링머신,오면가공기,수직선반,플로우보링머신),산업기계(전용기,공작기계부품) 제조,판매"
053590,한국테크놀로지,특수 목적용 기계 제조업,신재생에너지관련장비
047080,한빛소프트,소프트웨어 개발 및 공급업,"게임(스타크래프트 등), 교육, 솔루션"
215090,한컴유니맥스,"측정, 시험, 항해, 제어 및 기타 정밀기기 제조업; 광학기기 제외",기업인수합병
077280,한컴지엠디,소프트웨어 개발 및 공급업,TFT-LCD용 ASIC
002680,한탑,"곡물가공품, 전분 및 전분제품 제조업","소맥분(밀가루),배합사료"
034810,해성산업,부동산 임대 및 공급업,시설관리 용역 및 부동산 임대
048410,현대바이오,기타 화학제품 제조업,"LCD모니터, 디지털 사이니지, 바이오 양모제"
039010,현대통신,통신 및 방송 장비 제조업,홈오토메이션 제조
061250,화일약품,의약품 제조업,의약품 원료
123260,화텍파워,반도체 제조업,사파이어 잉곳
050090,휘닉스소재,전자부품 제조업,"Metal Paste, Solder Ball"
205470,휴마시스,의료용품 및 기타 의약 관련제품 제조업,체외진단키트
243070,휴온스,의약품 제조업,"전문의약품, 일반의약품"
189980,흥국에프엔비,비알코올음료 및 얼음 제조업,"과일음료(에이드베이스, 스무디, 착즙쥬스 등)"
265520,AP시스템,특수 목적용 기계 제조업,디스플레이 제조 장비
046440,KG모빌리언스,소프트웨어 개발 및 공급업,유무선전화결제서비스
035600,KG이니시스,소프트웨어 개발 및 공급업,전자지불서비스
091340,S&K폴리텍,전자부품 제조업,고밀도폴리우레탄폼시트
036540,SFA반도체,반도체 제조업,"반도체패키지(SOP,DIP,QFP)"
089230,THE E&M,기타 정보 서비스업,인터넷 개인방송 플랫폼
040300,YTN,"영화, 비디오물, 방송프로그램 제작 및 배급업",광고/협찬 및 프로그램 제작
192410,감마누,통신 및 방송 장비 제조업,기지국 안테나 및 인빌딩 안테나
212560,네오오토,자동차 신품 부품 제조업,"피니언 기어, 디프 어셈블리, 대형기어"
290660,네오펙트,의료용 기기 제조업,라파엘스마트글러브 외
139670,넥스트리밍,소프트웨어 개발 및 공급업,"NexMFW, NexPlayer EMB"
137940,넥스트아이,"측정, 시험, 항해, 제어 및 기타 정밀기기 제조업; 광학기기 제외","LCD 편광필름 검사장비, BLU 검사장비 등"
054050,농우바이오,작물 재배업,"고추, 수박, 참외(메론), 오이, 호박, 무, 배추 등"
040160,누리텔레콤,소프트웨어 개발 및 공급업,"NASCenter2000(전산자원통합관리시스템),PowerAMR(자동원격검침장치)"
048470,대동스틸,1차 철강 제조업,"열연박판, 후판, 무늬강판 외"
290670,대보마그네틱,기타 전기장비 제조업,"전자석탈철기, 자력선별기"
077360,덕산하이메탈,반도체 제조업,솔더볼(Solderball)
194480,데브시스터즈,소프트웨어 개발 및 공급업,모바일 게임(쿠키런)
006620,동구바이오제약,의약품 제조업,"피부, 비뇨기과 완제의약품"
104460,동양피엔에프,일반 목적용 기계 제조업,뉴메틱 컨베잉 시스템(분체이송시스템)
094170,동운아나텍,반도체 제조업,아날로그 반도체
013120,동원개발,건물 건설업,도급공사
109860,동일금속,금속 주조업,"크롤러크레인용 트랙슈 어셈블리, 굴삭기용 아이들러 트랙슈 스프링 등"
025900,동화기업,나무제품 제조업,"PB, MDF, 표면재,온돌마루, 창호, 도어 등"
217620,디딤,음식점업,"직영음식점, 축산물가공, 프랜차이즈"
113810,디젠스,자동차 신품 부품 제조업,자동차용 소음기(머플러)
105740,디케이락,일반 목적용 기계 제조업,"DK-Lok 피팅, D-Pro 밸브"
228850,레이언스,의료용 기기 제조업,"TFT Detector, CMOS Detector, I/O Sensor"
038060,루멘스,반도체 제조업,LED개발 및 제조
085370,루트로닉,의료용 기기 제조업,의료용레이저기기
058470,리노공업,전자부품 제조업,"리노핀, 반도체 소켓 등"
131100,리켐,기초 화학물질 제조업,"이차전지 전해액 소재, LCD 공정용 에천트 소재"
219420,링크제니시스,소프트웨어 개발 및 공급업,"반도체, 디스플레이, 자동화 S/W 및 시스템 테스트 자동화 솔루션 개발(XCOMPRO, XGEM, MAT)"
098120,마이크로컨텍솔,전자부품 제조업,"BGA IC Burn-In Socket,DRAM Module Socket"
035480,마제스타,유원지 및 기타 오락관련 서비스업,카지노
093520,매커스,기계장비 및 관련 물품 도매업,자일링스(Xilinx)비메모리반도체(PLDchip)유통
072870,메가스터디,"서적, 잡지 및 기타 인쇄물 출판업","온라인강의,교재판매"
058110,멕아이씨에스,의료용 기기 제조업,인공호흡기
096640,멜파스,전자부품 제조업,"터치센서 칩, 터치스크린 모듈, 터치키 모듈 제조"
239340,미래에셋제5호스팩,금융 지원 서비스업,기업인수합병
018700,바른손,"영화, 비디오물, 방송프로그램 제작 및 배급업",지제품
064520,바른전자,반도체 제조업,"메모리 카드, 스마트 카드 등"
065940,바이오빌,기초 화학물질 제조업,"착색제, 잉크 등"
044480,바이오제네틱스,고무제품 제조업,"콘돔,고무골무,의료용 장갑"
267790,배럴,봉제의복 제조업,래쉬가드 및 워터스포츠 등
046310,백금T&A,통신 및 방송 장비 제조업,레이더디텍터
006910,보성파워텍,"구조용 금속제품, 탱크 및 증기발생기 제조업",송배전용자재
038540,상상인,"컴퓨터 프로그래밍, 시스템 통합 및 관리업",전자계전기(RELAY)
042940,상지카일룸,전기 및 통신 공사업,"정보통신망 구축, DVR, ITS, 기타방송장비 등"
027040,서울전자통신,그외 기타 제품 제조업,"전자변성기, 무역업(트랜스포머자재)"
122690,서진오토모티브,자동차 신품 부품 제조업,"Clutch,Flywheel,Driveplate,Bearing,ATparts"
035890,서희건설,건물 건설업,"토목, 건축, 부동산임대업"
014620,성광벤드,1차 철강 제조업,관이음쇠
080470,성창오토텍,자동차 신품 부품 제조업,"차량용에어컨필터,차량용공기청정기등"
053060,세동,자동차 신품 부품 제조업,"도어벨트, 몰딩"
100700,세운메디칼,의료용품 및 기타 의약 관련제품 제조업,"의료용구(체액배출기,도뇨관) 제조,도매,수출입"
053110,소리바다,"자료처리, 호스팅, 포털 및 기타 인터넷 정보매개 서비스업",수도용 및 원예용 상토
269620,시스웍,"측정, 시험, 항해, 제어 및 기타 정밀기기 제조업; 광학기기 제외","클린룸 제어시스템, BLDC모터, 공조장치 제어기 등"
012790,신일제약,의약품 제조업,투어펜플라스타
050890,쏠리드,통신 및 방송 장비 제조업,"이동통신중계기,위성DMB용중계기"
222080,씨아이에스,특수 목적용 기계 제조업,2차전지 제조설비
115530,씨엔플러스,전자부품 제조업,커넥터
900120,씨케이에이치,기타 금융업,건강보조식품
058220,아리온,통신 및 방송 장비 제조업,디지털셋톱박스
050860,아세아텍,특수 목적용 기계 제조업,"농기계(관리기,SS기, 이앙기) 제조"
068940,아이씨케이,전자부품 제조업,신용카드 및 전자화폐 등
052860,아이앤씨,반도체 제조업,지상파 DMB용 수신칩(모바일 TV용 SoC)
226350,아이엠텍,전자부품 제조업,휴대폰용 안테나 및 카메라모듈
124500,아이티센,"컴퓨터 프로그래밍, 시스템 통합 및 관리업",시스템통합 및 IT서비스
013310,아진산업,자동차 신품 부품 제조업,자동차 차체 부품
053800,안랩,소프트웨어 개발 및 공급업,바이러스백신 프로그램
131370,알서포트,소프트웨어 개발 및 공급업,"원격지원,제어 솔루션"
140670,알에스오토메이션,전자부품 제조업,"모션제어기, 드라이브, 에너지제어장치"
117670,알파홀딩스,반도체 제조업,시스템 반도체 개발
019990,에너토크,일반 목적용 기계 제조업,전동액츄에이터
042110,에스씨디,가정용 기기 제조업,전자렌지용 MOTOR 및 냉장고용 TIMER
095910,에스에너지,"전동기, 발전기 및 전기 변환 · 공급 · 제어 장치 제조업","태양광발전시스템,태양전지모듈"
080440,에스제이케이,자동차 신품 부품 제조업,"자동차부품, 키보드 등"
069510,에스텍,영상 및 음향기기 제조업,스피커 및 스피커시스템
050760,에스폴리텍,플라스틱제품 제조업,유무선 통신용 소프트웨어
298380,에이비엘바이오,기초 의약물질 및 생물학적 제제 제조업,항체의약품 연구개발
230240,에치에프알,통신 및 방송 장비 제조업,통신장비제조업
101400,엔시트론,반도체 제조업,디지털오디오앰프칩
206400,엔터메이트,소프트웨어 개발 및 공급업,"웹게임, 모바일게임"
066970,엘앤에프,일차전지 및 축전지 제조업,TFT-LCD BLU(Back Light Unit)
156100,엘앤케이바이오,의료용 기기 제조업,척추 임플란트
019590,엠벤처투자,신탁업 및 집합투자업,벤처캐피탈
122640,예스티,특수 목적용 기계 제조업,반도체 및 디스플레이 제조 장비
053980,오상자이엘,"컴퓨터 프로그래밍, 시스템 통합 및 관리업",CATIA Solution
241790,오션브릿지,기타 화학제품 제조업,"반도체 케미칼(HCDS, Ticl4 외), 반도체 장비"
173130,오파스넷,"컴퓨터 프로그래밍, 시스템 통합 및 관리업",네트워크 구축 및 유지보수
226950,올릭스,자연과학 및 공학 연구개발업,siRNA 신약 개발
057540,옴니시스템,"측정, 시험, 항해, 제어 및 기타 정밀기기 제조업; 광학기기 제외","전자식전력량계,설비미터,원격검침시스템"
057680,옴니텔,소프트웨어 개발 및 공급업,"모바일방송, 모바일컨텐츠"
123010,옵토팩,전자부품 제조업,이미지센서 패키징
122990,와이솔,전자부품 제조업,"SAW Filter, Wafer Chip, Duplexer"
193250,와이제이엠게임즈,전자부품 제조업,휴대폰용 진동모터
079000,와토스코리아,플라스틱제품 제조업,위생도기용부속(양변기용)
046940,우원개발,기반조성 및 시설물 축조관련 전문공사업,토공사
240810,원익IPS,특수 목적용 기계 제조업,반도체 제조용 기계
038620,위즈코프,연료 소매업,인터넷 인프라 및 응용
142210,유니트론텍,자동차 부품 및 내장품 판매업,"메모리, 비메모리반도체"
032620,유비케어,소프트웨어 개발 및 공급업,"의사랑,유팜,미소몰"
069330,유아이디,전자부품 제조업,STN LCD GLASS(연마)
287410,유안타제3호스팩,금융 지원 서비스업,인수합병
044960,이글벳,기타 전문 도매업,"아바텍,아목사실린사 등"
088390,이녹스,기타 금융업,"FPCB소재,반도체PKG소재,디스플레이소재,OLED소재"
115610,이미지스,반도체 제조업,"터치스크린칩, 햅틱칩"
078020,이베스트투자증권,금융 지원 서비스업,유가증권위탁매매
067010,이씨에스,"컴퓨터 프로그래밍, 시스템 통합 및 관리업","컨택센터용교환시스템,업무용교환시스템"
223310,이에스브이,소프트웨어 개발 및 공급업,"블랙박스, 내비게이션, 로봇청소기, 드론"
094190,이엘케이,전자부품 제조업,터치패널모듈
039030,이오테크닉스,특수 목적용 기계 제조업,레이저 마커 및 레이저 응용기기
181340,이즈미디어,"측정, 시험, 항해, 제어 및 기타 정밀기기 제조업; 광학기기 제외",카메라모듈테스터
064290,인텍플러스,특수 목적용 기계 제조업,"LED 외관검사장비, 반도체 외관검사장비, 태양전지 외관검사장비등"
101930,인화정공,선박 및 보트 건조업,선박엔진부품
043910,자연과환경,환경 정화 및 복원업,"스테인레스파이프, 다공성식생블록,조경원예자재"
065530,전파기지국,전기 통신업,공용기지국건설/관리
147830,제룡산업,"구조용 금속제품, 탱크 및 증기발생기 제조업",송배전 금구류 및 합성수지 제품
054950,제이브이엠,일반 목적용 기계 제조업,"전자동 정제,분류 및 포장시스템"
036420,제이콘텐트리,기타 금융업,"신문, 피혁의류"
038010,제일테크노스,"구조용 금속제품, 탱크 및 증기발생기 제조업",DECK PKATE
054180,중앙오션,선박 및 보트 건조업,XML/SGML 관련 제품 및 솔루션
119850,지엔씨에너지,"전동기, 발전기 및 전기 변환 · 공급 · 제어 장치 제조업","비상발전기, 소형열병합발전설비, 바이오가스발전설비"
111820,지와이커머스,기타 정보 서비스업,"B2B 전자결제, B2B 공동구매"
115450,지트리비앤티,전자부품 제조업,"임베디드 GUI 미들웨어 FXUI-2D, FXUI-3D"
007370,진양제약,의약품 제조업,"소부날, 옥티란"
085660,차바이오텍,기초 의약물질 및 생물학적 제제 제조업,"세포치료제 개발, 제대혈 보관 등"
900040,차이나그레이트,기타 금융업,스포츠화 및 의류
180400,캔서롭,기타 과학기술 서비스업,BAC DNA CHIP
258790,케이비제11호스팩,금융 지원 서비스업,기업인수 및 합병
225430,케이엠제약,기타 화학제품 제조업,금융지원 서비스
104540,코렌텍,의료용 기기 제조업,"인공고관절, 인공슬관절 등"
027050,코리아나,기타 화학제품 제조업,화장품
183300,코미코,특수 목적용 기계 제조업,반도체 부품 세정 및 코팅
045970,코아시아홀딩스,"그외 기타 전문, 과학 및 기술 서비스업",디지털 컨텐츠 저작솔루션 판매 사업
015710,코콤,통신 및 방송 장비 제조업,비디오도어폰
066310,큐에스아이,반도체 제조업,레이저다이오드(LaserDiode)
045520,크린앤사이언스,"펄프, 종이 및 판지 제조업",자동차용 여과지
214150,클래시스,의료용 기기 제조업,미용의료기기
054780,키이스트,"영화, 비디오물, 방송프로그램 제작 및 배급업",멀티미디어 SI
182690,테라셈,반도체 제조업,이미지센서 패키징
095610,테스,특수 목적용 기계 제조업,반도체장비(화학증착장비)
089030,테크윙,특수 목적용 기계 제조업,"반도체테스트핸들러,C.O.K(Change Over Kit)"
054450,텔레칩스,반도체 제조업,"디지털미디어프로세서,발신자정보표시칩"
091440,텔레필드,통신 및 방송 장비 제조업,광전송장비
200230,텔콘RF제약,통신 및 방송 장비 제조업,"RF 통신부품(케이블 어셈블리, 커넥터 등)"
215480,토박스코리아,"섬유, 의복, 신발 및 가죽제품 소매업",미니멜리사 등
177830,파버나인,전자부품 제조업,"알루미늄 소재 TV 외관재(프레임, 스탠드)"
047310,파워로직스,"전동기, 발전기 및 전기 변환 · 공급 · 제어 장치 제조업",휴대폰 배터리 등 2차전지용 보호회로
106240,파인테크닉스,통신 및 방송 장비 제조업,"휴대폰부품, 소형LCD부품, LED조명기기"
094940,푸른기술,컴퓨터 및 주변장치 제조업,"금융자동화기기모듈,역무자동화기기모듈,특수단말시스템"
220100,퓨쳐켐,의약품 제조업,"PET 방사성의약품, 자동합성장치, 합성시약 및 전구체"
035200,프럼파스트,플라스틱제품 제조업,주택건설용 플라스틱 배관
137400,피엔티,특수 목적용 기계 제조업,2차전지 및 전자소재용 Roll-to-Roll 장비
006140,피제이전자,의료용 기기 제조업,EMS Business(의료용기기제조외)
149980,하이로닉,의료용 기기 제조업,피부미용 의료기기
126700,하이비젼시스템,사진장비 및 광학기기 제조업,카메라모듈 제조검사용 장비
034950,한국기업평가,기타 사업지원 서비스업,"신용평가, 컨설팅, 위험관리솔루션"
281410,한국제6호스팩,금융 지원 서비스업,기업인수합병
052600,한네트,전기 통신업,"현금서비스, 예금인출"
092460,한라IMS,선박 및 보트 건조업,"선용원격자동측정시스템,선용원격자동경보시스템"
265920,한화수성스팩,금융 지원 서비스업,기업인수합병
115160,휴맥스,영상 및 음향기기 제조업,셋톱박스
037440,희림,"건축기술, 엔지니어링 및 관련 기술 서비스업",설계 및 감리용역
